{
	"parent": "item/generated",
	"parent": "minecraft:item/template_spawn_egg",
	
	"overrides": [
		{"predicate": {"custom_model_data": 370001},"model": "item/ruby_block"},
		{"predicate": {"custom_model_data": 370002},"model": "item/topaz_block"},
		{"predicate": {"custom_model_data": 370003},"model": "item/jade_block"},
		{"predicate": {"custom_model_data": 370004},"model": "item/aquamarine_block"},
		{"predicate": {"custom_model_data": 370005},"model": "item/radioactive_block"},
		{"predicate": {"custom_model_data": 370006},"model": "item/aquamarine_ore"},
		{"predicate": {"custom_model_data": 370007},"model": "item/ruby_ore"},
		{"predicate": {"custom_model_data": 370008},"model": "item/topaz_ore"},
		{"predicate": {"custom_model_data": 370009},"model": "item/jade_ore"},
		{"predicate": {"custom_model_data": 370010},"model": "item/radioactive_ore_block"}
	]
}