{
	"credit": "Made with Blockbench",
	"textures": {
		"1": "block/stripped_dark_oak_log",
		"2": "block/black_concrete",
		"3": "block/yellow_concrete",
		"4": "block/yellow_concrete_powder",
		"5": "block/honey_block_top",
		"8": "block/stripped_oak_log",
		"particle": "block/stripped_dark_oak_log"
	},
	"elements": [
		{
			"from": [0, -8, 0],
			"to": [16, 8, 16],
			"faces": {
				"north": {"uv": [0, 0, 16, 16], "texture": "#8"},
				"east": {"uv": [0, 0, 16, 16], "texture": "#8"},
				"south": {"uv": [0, 0, 16, 16], "texture": "#8"},
				"west": {"uv": [0, 0, 16, 16], "rotation": 180, "texture": "#8"},
				"up": {"uv": [0, 0, 16, 16], "texture": "#8"},
				"down": {"uv": [0, 0, 16, 16], "texture": "#8"}
			}
		},
		{
			"from": [0, 8, 0],
			"to": [16, 9, 16],
			"faces": {
				"north": {"uv": [0, 0, 16, 1], "texture": "#8"},
				"east": {"uv": [0, 0, 16, 16], "texture": "#8"},
				"south": {"uv": [0, 0, 16, 1], "texture": "#8"},
				"west": {"uv": [0, 0, 16, 16], "rotation": 180, "texture": "#8"},
				"up": {"uv": [0, 0, 16, 16], "texture": "#8"},
				"down": {"uv": [0, 0, 16, 16], "texture": "#8"}
			}
		},
		{
			"from": [1, 9, 0],
			"to": [15, 10, 16],
			"faces": {
				"north": {"uv": [1, 0, 15, 1], "texture": "#8"},
				"east": {"uv": [0, 0, 16, 16], "texture": "#8"},
				"south": {"uv": [1, 0, 15, 1], "texture": "#8"},
				"west": {"uv": [0, 0, 16, 16], "rotation": 180, "texture": "#8"},
				"up": {"uv": [0, 0, 16, 16], "texture": "#8"},
				"down": {"uv": [0, 0, 16, 16], "texture": "#8"}
			}
		},
		{
			"from": [2, 10, 0],
			"to": [14, 11, 16],
			"faces": {
				"north": {"uv": [2, 2, 14, 3], "texture": "#8"},
				"east": {"uv": [0, 0, 16, 16], "texture": "#8"},
				"south": {"uv": [2, 2, 14, 3], "texture": "#8"},
				"west": {"uv": [0, 0, 16, 16], "rotation": 180, "texture": "#8"},
				"up": {"uv": [0, 0, 16, 16], "texture": "#8"},
				"down": {"uv": [0, 0, 16, 16], "texture": "#8"}
			}
		},
		{
			"from": [3, 11, 0],
			"to": [13, 12, 16],
			"faces": {
				"north": {"uv": [3, 3, 13, 4], "texture": "#8"},
				"east": {"uv": [0, 0, 16, 16], "texture": "#8"},
				"south": {"uv": [3, 3, 13, 4], "texture": "#8"},
				"west": {"uv": [0, 0, 16, 16], "rotation": 180, "texture": "#8"},
				"up": {"uv": [0, 0, 16, 16], "texture": "#8"},
				"down": {"uv": [0, 0, 16, 16], "texture": "#8"}
			}
		},
		{
			"from": [4, 12, 0],
			"to": [12, 13, 16],
			"faces": {
				"north": {"uv": [4, 4, 12, 5], "texture": "#8"},
				"east": {"uv": [0, 0, 16, 16], "texture": "#8"},
				"south": {"uv": [4, 4, 12, 5], "texture": "#8"},
				"west": {"uv": [0, 0, 16, 16], "rotation": 180, "texture": "#8"},
				"up": {"uv": [0, 0, 16, 16], "texture": "#8"},
				"down": {"uv": [0, 0, 16, 16], "texture": "#8"}
			}
		},
		{
			"from": [5, 13, 0],
			"to": [11, 14, 16],
			"faces": {
				"north": {"uv": [5, 6, 11, 7], "texture": "#8"},
				"east": {"uv": [0, 0, 16, 16], "texture": "#8"},
				"south": {"uv": [5, 6, 11, 7], "texture": "#8"},
				"west": {"uv": [0, 0, 16, 16], "rotation": 180, "texture": "#8"},
				"up": {"uv": [0, 0, 16, 16], "texture": "#8"},
				"down": {"uv": [0, 0, 16, 16], "texture": "#8"}
			}
		},
		{
			"from": [6, 14, 0],
			"to": [10, 15, 16],
			"faces": {
				"north": {"uv": [6, 7, 10, 8], "texture": "#8"},
				"east": {"uv": [0, 0, 16, 16], "texture": "#8"},
				"south": {"uv": [6, 7, 10, 8], "texture": "#8"},
				"west": {"uv": [0, 0, 16, 16], "rotation": 180, "texture": "#8"},
				"up": {"uv": [0, 0, 16, 16], "texture": "#8"},
				"down": {"uv": [0, 0, 16, 16], "texture": "#8"}
			}
		},
		{
			"from": [7, 15, 0],
			"to": [9, 16, 16],
			"faces": {
				"north": {"uv": [6, 8, 8, 9], "texture": "#8"},
				"east": {"uv": [0, 0, 16, 16], "texture": "#8"},
				"south": {"uv": [6, 8, 8, 9], "texture": "#8"},
				"west": {"uv": [0, 0, 16, 16], "rotation": 180, "texture": "#8"},
				"up": {"uv": [0, 0, 16, 16], "texture": "#8"},
				"down": {"uv": [0, 0, 16, 16], "texture": "#8"}
			}
		},
		{
			"from": [-1.41421, 7, -1],
			"to": [-0.41421, 20.325, 17],
			"rotation": {"angle": -45, "axis": "z", "origin": [-1.41421, 8, 8]},
			"faces": {
				"north": {"uv": [0, 0, 1, 13], "texture": "#8"},
				"east": {"uv": [0, 0, 16, 13], "texture": "#8"},
				"south": {"uv": [0, 0, 1, 13], "texture": "#8"},
				"west": {"uv": [0, 0, 16, 16], "texture": "#8"},
				"up": {"uv": [0, 0, 16, 1], "rotation": 90, "texture": "#8"},
				"down": {"uv": [0, 0, 16, 1], "rotation": 90, "texture": "#8"}
			}
		},
		{
			"from": [16.87868, 3.85368, -1],
			"to": [17.87868, 18.20368, 17],
			"rotation": {"angle": 45, "axis": "z", "origin": [13.87868, 5.87868, 8]},
			"faces": {
				"north": {"uv": [0, 0, 1, 13], "texture": "#8"},
				"east": {"uv": [0, 0, 16, 13], "texture": "#8"},
				"south": {"uv": [0, 0, 1, 13], "texture": "#8"},
				"west": {"uv": [0, 0, 16, 16], "texture": "#8"},
				"up": {"uv": [4, 0, 5, 16], "texture": "#8"},
				"down": {"uv": [0, 0, 16, 1], "rotation": 90, "texture": "#8"}
			}
		},
		{
			"from": [13, -5, -1],
			"to": [14, 3, 0],
			"faces": {
				"north": {"uv": [0, 4, 1, 12], "texture": "#8"},
				"east": {"uv": [0, 0, 1, 6], "texture": "#8"},
				"south": {"uv": [0, 0, 1, 6], "texture": "#8"},
				"west": {"uv": [0, 0, 1, 6], "texture": "#8"},
				"up": {"uv": [0, 0, 1, 1], "texture": "#8"},
				"down": {"uv": [0, 0, 1, 1], "texture": "#8"}
			}
		},
		{
			"from": [2, -5, -1],
			"to": [3, 3, 0],
			"faces": {
				"north": {"uv": [15, 3, 16, 11], "texture": "#8"},
				"east": {"uv": [0, 0, 1, 6], "texture": "#8"},
				"south": {"uv": [0, 0, 1, 6], "texture": "#8"},
				"west": {"uv": [0, 0, 1, 6], "texture": "#8"},
				"up": {"uv": [0, 0, 1, 1], "texture": "#8"},
				"down": {"uv": [0, 0, 1, 1], "texture": "#8"}
			}
		},
		{
			"from": [3, -5, -1],
			"to": [13, -4, 0],
			"faces": {
				"north": {"uv": [0, 0, 8, 1], "texture": "#8"},
				"east": {"uv": [0, 0, 1, 1], "texture": "#8"},
				"south": {"uv": [0, 0, 8, 1], "texture": "#8"},
				"west": {"uv": [0, 0, 1, 1], "texture": "#8"},
				"up": {"uv": [3, 0, 13, 1], "texture": "#8"},
				"down": {"uv": [0, 0, 1, 1], "texture": "#8"}
			}
		},
		{
			"from": [3, 2, -1],
			"to": [13, 3, 0],
			"faces": {
				"north": {"uv": [3, 0, 13, 1], "texture": "#8"},
				"east": {"uv": [0, 0, 1, 1], "texture": "#8"},
				"south": {"uv": [0, 0, 8, 1], "texture": "#8"},
				"west": {"uv": [0, 0, 1, 1], "texture": "#8"},
				"up": {"uv": [0, 0, 1, 1], "texture": "#8"},
				"down": {"uv": [0, 0, 1, 1], "texture": "#8"}
			}
		},
		{
			"from": [3, -4, -0.1],
			"to": [13, 2, 0],
			"faces": {
				"north": {"uv": [3, 4, 13, 10], "texture": "#1"},
				"east": {"uv": [0, 0, 0.1, 4], "texture": "#1"},
				"south": {"uv": [3, 0, 11, 4], "texture": "#1"},
				"west": {"uv": [0, 0, 0.1, 4], "texture": "#1"},
				"up": {"uv": [0, 0, 8, 0.1], "texture": "#1"},
				"down": {"uv": [0, 0, 8, 0.1], "texture": "#1"}
			}
		},
		{
			"from": [3, -4, -0.2],
			"to": [13, -3, -0.1],
			"faces": {
				"north": {"uv": [3, 4, 13, 5], "texture": "#5"},
				"east": {"uv": [0, 0, 0.1, 4], "texture": "#5"},
				"south": {"uv": [3, 0, 13, 1], "texture": "#5"},
				"west": {"uv": [0, 0, 0.1, 4], "texture": "#5"},
				"up": {"uv": [0, 0, 8, 0.1], "texture": "#5"},
				"down": {"uv": [0, 0, 8, 0.1], "texture": "#5"}
			}
		},
		{
			"from": [10, -6, -0.2],
			"to": [13, -5, -0.1],
			"faces": {
				"north": {"uv": [3, 4, 6, 5], "texture": "#5"},
				"east": {"uv": [0, 0, 0.1, 4], "texture": "#5"},
				"south": {"uv": [3, 0, 13, 1], "texture": "#5"},
				"west": {"uv": [0, 0, 0.1, 4], "texture": "#5"},
				"up": {"uv": [0, 0, 8, 0.1], "texture": "#5"},
				"down": {"uv": [0, 0, 8, 0.1], "texture": "#5"}
			}
		},
		{
			"from": [10, -5, -1.2],
			"to": [13, -3.975, -1.1],
			"faces": {
				"north": {"uv": [3, 4, 6, 5], "texture": "#5"},
				"east": {"uv": [0, 0, 0.1, 4], "texture": "#5"},
				"south": {"uv": [3, 0, 13, 1], "texture": "#5"},
				"west": {"uv": [0, 0, 0.1, 4], "texture": "#5"},
				"up": {"uv": [0, 0, 8, 0.1], "texture": "#5"},
				"down": {"uv": [0, 0, 8, 0.1], "texture": "#5"}
			}
		},
		{
			"from": [10, -5.09232, -1.07612],
			"to": [13, -4.99232, -0.07612],
			"rotation": {"angle": 0, "axis": "x", "origin": [0, -1, 0]},
			"faces": {
				"north": {"uv": [0, 0, 8, 0.1], "rotation": 180, "texture": "#5"},
				"east": {"uv": [0, 0, 0.1, 4], "rotation": 270, "texture": "#5"},
				"south": {"uv": [0, 0, 8, 0.1], "texture": "#5"},
				"west": {"uv": [0, 0, 0.1, 4], "rotation": 90, "texture": "#5"},
				"up": {"uv": [3, 4, 6, 5], "rotation": 180, "texture": "#5"},
				"down": {"uv": [3, 0, 13, 1], "texture": "#5"}
			}
		},
		{
			"from": [10, -4.09232, -1.07612],
			"to": [13, -3.99232, -0.07612],
			"rotation": {"angle": 0, "axis": "y", "origin": [0, -1, 0]},
			"faces": {
				"north": {"uv": [0, 0, 8, 0.1], "rotation": 180, "texture": "#5"},
				"east": {"uv": [0, 0, 0.1, 4], "rotation": 270, "texture": "#5"},
				"south": {"uv": [0, 0, 8, 0.1], "texture": "#5"},
				"west": {"uv": [0, 0, 0.1, 4], "rotation": 90, "texture": "#5"},
				"up": {"uv": [3, 4, 6, 5], "rotation": 180, "texture": "#5"},
				"down": {"uv": [3, 0, 13, 1], "texture": "#5"}
			}
		},
		{
			"from": [3, -6, -0.2],
			"to": [4, -5, -0.1],
			"faces": {
				"north": {"uv": [3, 4, 4, 5], "texture": "#5"},
				"east": {"uv": [0, 0, 0.1, 4], "texture": "#5"},
				"south": {"uv": [3, 0, 13, 1], "texture": "#5"},
				"west": {"uv": [0, 0, 0.1, 4], "texture": "#5"},
				"up": {"uv": [0, 0, 8, 0.1], "texture": "#5"},
				"down": {"uv": [0, 0, 8, 0.1], "texture": "#5"}
			}
		},
		{
			"from": [6.5, 4, -0.1],
			"to": [9.5, 5.5, 0],
			"faces": {
				"north": {"uv": [3, 4, 5, 5], "texture": "#2"},
				"east": {"uv": [0, 0, 0.1, 1], "texture": "#2"},
				"south": {"uv": [3, 0, 5, 1], "texture": "#2"},
				"west": {"uv": [0, 0, 0.1, 1], "texture": "#2"},
				"up": {"uv": [0, 0, 2, 0.1], "texture": "#2"},
				"down": {"uv": [0, 0, 2, 0.1], "texture": "#2"}
			}
		},
		{
			"from": [6.5, 7, -0.1],
			"to": [9.5, 8.5, 0],
			"faces": {
				"north": {"uv": [3, 4, 5, 5], "texture": "#2"},
				"east": {"uv": [0, 0, 0.1, 1], "texture": "#2"},
				"south": {"uv": [3, 0, 5, 1], "texture": "#2"},
				"west": {"uv": [0, 0, 0.1, 1], "texture": "#2"},
				"up": {"uv": [0, 0, 2, 0.1], "texture": "#2"},
				"down": {"uv": [0, 0, 2, 0.1], "texture": "#2"}
			}
		},
		{
			"from": [6.5, 10, -0.1],
			"to": [9.5, 11.5, 0],
			"faces": {
				"north": {"uv": [3, 4, 5, 5], "texture": "#2"},
				"east": {"uv": [0, 0, 0.1, 1], "texture": "#2"},
				"south": {"uv": [3, 0, 5, 1], "texture": "#2"},
				"west": {"uv": [0, 0, 0.1, 1], "texture": "#2"},
				"up": {"uv": [0, 0, 2, 0.1], "texture": "#2"},
				"down": {"uv": [0, 0, 2, 0.1], "texture": "#2"}
			}
		},
		{
			"from": [6.5, 8.5, -0.1],
			"to": [9.5, 10, 0],
			"faces": {
				"north": {"uv": [3, 4, 5, 5], "texture": "#3"},
				"east": {"uv": [0, 0, 0.1, 1], "texture": "#3"},
				"south": {"uv": [3, 0, 5, 1], "texture": "#3"},
				"west": {"uv": [0, 0, 0.1, 1], "texture": "#3"},
				"up": {"uv": [0, 0, 2, 0.1], "texture": "#3"},
				"down": {"uv": [0, 0, 2, 0.1], "texture": "#3"}
			}
		},
		{
			"from": [6.5, 5.5, -0.1],
			"to": [9.5, 7, 0],
			"faces": {
				"north": {"uv": [3, 4, 5, 5], "texture": "#3"},
				"east": {"uv": [0, 0, 0.1, 1], "texture": "#3"},
				"south": {"uv": [3, 0, 5, 1], "texture": "#3"},
				"west": {"uv": [0, 0, 0.1, 1], "texture": "#3"},
				"up": {"uv": [0, 0, 2, 0.1], "texture": "#3"},
				"down": {"uv": [0, 0, 2, 0.1], "texture": "#3"}
			}
		},
		{
			"from": [9.5, 5.5, -0.1],
			"to": [11, 8.5, 0],
			"faces": {
				"north": {"uv": [9, 8, 10, 10], "texture": "#4"},
				"east": {"uv": [0, 0, 0.1, 1], "texture": "#4"},
				"south": {"uv": [3, 0, 4, 2], "texture": "#4"},
				"west": {"uv": [0, 0, 0.1, 1], "texture": "#4"},
				"up": {"uv": [0, 0, 2, 0.1], "texture": "#4"},
				"down": {"uv": [0, 0, 2, 0.1], "texture": "#4"}
			}
		},
		{
			"from": [5, 5.5, -0.1],
			"to": [6.5, 8.5, 0],
			"faces": {
				"north": {"uv": [9, 8, 10, 10], "texture": "#4"},
				"east": {"uv": [0, 0, 0.1, 1], "texture": "#4"},
				"south": {"uv": [3, 0, 4, 2], "texture": "#4"},
				"west": {"uv": [0, 0, 0.1, 1], "texture": "#4"},
				"up": {"uv": [0, 0, 2, 0.1], "texture": "#4"},
				"down": {"uv": [0, 0, 2, 0.1], "texture": "#4"}
			}
		}
	],
	"display": {
		"thirdperson_righthand": {
			"rotation": [75, 45, 0],
			"translation": [0, 2.5, 0],
			"scale": [0.375, 0.375, 0.375]
		},
		"thirdperson_lefthand": {
			"rotation": [75, 45, 0],
			"translation": [0, 2.5, 0],
			"scale": [0.375, 0.375, 0.375]
		},
		"firstperson_righthand": {
			"rotation": [0, 45, 0],
			"scale": [0.4, 0.4, 0.4]
		},
		"firstperson_lefthand": {
			"rotation": [0, 225, 0],
			"scale": [0.4, 0.4, 0.4]
		},
		"ground": {
			"translation": [0, 3, 0],
			"scale": [0.25, 0.25, 0.25]
		},
		"gui": {
			"rotation": [30, 225, 0],
			"scale": [0.625, 0.625, 0.625]
		},
		"head": {
			"rotation": [0, -180, 0],
			"translation": [0, -17.5, 0],
			"scale": [1.61, 1.61, 1.61]
		},
		"fixed": {
			"scale": [0.5, 0.5, 0.5]
		}
	}
}