{
 "parent": "item/generated",
 "textures": {
  "layer0": "item/bundle"
 },
 "overrides": [
   { "predicate": {"custom_model_data": 370001}, "model": "item/backpack_red"},
   { "predicate": {"custom_model_data": 370002}, "model": "item/backpack_black"},
   { "predicate": {"custom_model_data": 370003}, "model": "item/backpack_blue"},
   { "predicate": {"custom_model_data": 370004}, "model": "item/backpack_yellow"},
   { "predicate": {"custom_model_data": 370005}, "model": "item/backpack_orange"},
   { "predicate": {"custom_model_data": 370006}, "model": "item/backpack_white"},
   { "predicate": {"custom_model_data": 370007}, "model": "item/backpack_lime"},
   { "predicate": {"custom_model_data": 370008}, "model": "item/backpack_green"},
   { "predicate": {"custom_model_data": 370009}, "model": "item/backpack_pink"},
   { "predicate": {"custom_model_data": 370010}, "model": "item/backpack_magenta"},
   { "predicate": {"custom_model_data": 370011}, "model": "item/backpack_light_blue"},
   { "predicate": {"custom_model_data": 370012}, "model": "item/backpack_light_gray"},
   { "predicate": {"custom_model_data": 370013}, "model": "item/backpack_gray"},
   { "predicate": {"custom_model_data": 370014}, "model": "item/backpack_cyan"},
   { "predicate": {"custom_model_data": 370015}, "model": "item/backpack_brown"},
   { "predicate": {"custom_model_data": 370016}, "model": "item/backpack_purple"},
   { "predicate": {"custom_model_data": 370017}, "model": "item/backpack_prismatic"},
   { "predicate": {"custom_model_data": 370018}, "model": "item/backpack"}
 ]
}