{
	"credit": "Made with Blockbench",
	"textures": {
		"0": "block/cheese_press",
		"1": "block/smooth_stone",
		"2": "block/stripped_oak_log",
		"3": "item/cheese_icon",
		"particle": "block/cheese_press"
	},
	"elements": [
		{
			"from": [-0.25, 0, -0.25],
			"to": [16.25, 16.5, 16.25],
			"faces": {
				"north": {"uv": [0, 0, 16, 16], "texture": "#0"},
				"east": {"uv": [0, 0, 16, 16], "texture": "#0"},
				"south": {"uv": [0, 0, 16, 16], "texture": "#0"},
				"west": {"uv": [0, 0, 16, 16], "texture": "#0"},
				"up": {"uv": [0, 0, 16, 16], "texture": "#0"},
				"down": {"uv": [0, 0, 16, 16], "texture": "#0"}
			}
		},
		{
			"from": [3, 16.5, 3],
			"to": [13, 22.5, 13],
			"faces": {
				"north": {"uv": [0, 0, 10, 6], "texture": "#0"},
				"east": {"uv": [0, 0, 10, 6], "texture": "#0"},
				"south": {"uv": [0, 0, 10, 6], "texture": "#0"},
				"west": {"uv": [0, 0, 10, 6], "texture": "#0"},
				"up": {"uv": [0, 0, 10, 10], "texture": "#0"},
				"down": {"uv": [0, 0, 10, 10], "texture": "#0"}
			}
		},
		{
			"from": [6, 22.5, 6],
			"to": [10, 24.5, 10],
			"faces": {
				"north": {"uv": [0, 0, 3, 2], "texture": "#1"},
				"east": {"uv": [0, 0, 3, 2], "texture": "#1"},
				"south": {"uv": [0, 0, 3, 2], "texture": "#1"},
				"west": {"uv": [0, 0, 3, 2], "texture": "#1"},
				"up": {"uv": [0, 0, 3, 3], "texture": "#1"},
				"down": {"uv": [0, 0, 3, 3], "texture": "#0"}
			}
		},
		{
			"from": [6.625, 24.5, 6.625],
			"to": [9.375, 32, 9.375],
			"faces": {
				"north": {"uv": [0, 0, 3, 3], "texture": "#2"},
				"east": {"uv": [0, 0, 3, 2], "texture": "#2"},
				"south": {"uv": [0, 0, 3, 3], "texture": "#2"},
				"west": {"uv": [0, 0, 3, 3], "texture": "#2"},
				"up": {"uv": [0, 0, 3, 3], "texture": "#2"},
				"down": {"uv": [0, 0, 3, 3], "texture": "#2"}
			}
		},
		{
			"from": [2, 2.25, -0.3125],
			"to": [14, 14.25, 0.6875],
			"faces": {
				"north": {"uv": [1, 4, 11, 14], "texture": "#3"},
				"east": {"uv": [0, 0, 1, 12], "texture": "#3"},
				"south": {"uv": [0, 0, 12, 12], "texture": "#3"},
				"west": {"uv": [0, 0, 1, 12], "texture": "#3"},
				"up": {"uv": [0, 0, 12, 1], "texture": "#3"},
				"down": {"uv": [0, 0, 12, 1], "texture": "#3"}
			}
		},
		{
			"from": [15.375, 2.25, 1.375],
			"to": [16.375, 14.25, 14.375],
			"faces": {
				"north": {"uv": [1, 4, 11, 14], "texture": "#3"},
				"east": {"uv": [1, 4, 11, 14], "texture": "#3"},
				"south": {"uv": [15, 5, 16, 14], "texture": "#3"},
				"west": {"uv": [0, 0, 1, 12], "texture": "#3"},
				"up": {"uv": [0, 0, 12, 1], "texture": "#3"},
				"down": {"uv": [0, 0, 12, 1], "texture": "#3"}
			}
		},
		{
			"from": [-0.3125, 2.25, 1.375],
			"to": [0.6875, 14.25, 14.375],
			"faces": {
				"north": {"uv": [1, 4, 11, 14], "texture": "#3"},
				"east": {"uv": [1, 4, 11, 14], "texture": "#3"},
				"south": {"uv": [15, 5, 16, 14], "texture": "#3"},
				"west": {"uv": [1, 4, 11, 14], "texture": "#3"},
				"up": {"uv": [0, 0, 12, 1], "texture": "#3"},
				"down": {"uv": [0, 0, 12, 1], "texture": "#3"}
			}
		},
		{
			"from": [2, 2.25, 15.3125],
			"to": [14, 14.25, 16.3125],
			"faces": {
				"north": {"uv": [1, 4, 11, 14], "texture": "#3"},
				"east": {"uv": [0, 0, 1, 12], "texture": "#3"},
				"south": {"uv": [1, 4, 11, 14], "texture": "#3"},
				"west": {"uv": [0, 0, 1, 12], "texture": "#3"},
				"up": {"uv": [0, 0, 12, 1], "texture": "#3"},
				"down": {"uv": [0, 0, 12, 1], "texture": "#3"}
			}
		}
	],
	"display": {
		"thirdperson_righthand": {
			"rotation": [90, 0, 0],
			"translation": [-6, -2, -3.5]
		},
		"head": {
			"translation": [-12.5, -39, -12.5],
			"scale": [1.65, 1.65, 1.65]
		}
	}
}