{
	"credit": "Made with Blockbench",
	"textures": {
		"0": "block/stripped_dark_oak_log",
		"1": "block/lime_wool",
		"particle": "block/lime_wool"
	},
	"elements": [
		{
			"name": "leg",
			"from": [0, 0, 0],
			"to": [2, 10, 2],
			"faces": {
				"north": {"uv": [14, 2, 16, 14], "texture": "#0"},
				"east": {"uv": [14, 2, 16, 12], "texture": "#0"},
				"south": {"uv": [0, 4, 2, 14], "texture": "#0"},
				"west": {"uv": [0, 2, 2, 14], "texture": "#0"},
				"up": {"uv": [0, 0, 2, 2], "texture": "#0"},
				"down": {"uv": [0, 0, 2, 2], "texture": "#0"}
			}
		},
		{
			"name": "leg",
			"from": [0, 0, 14],
			"to": [2, 10, 16],
			"faces": {
				"north": {"uv": [4, 3, 6, 15], "texture": "#0"},
				"east": {"uv": [6, 3, 8, 13], "texture": "#0"},
				"south": {"uv": [0, 2, 2, 12], "texture": "#0"},
				"west": {"uv": [14, 1, 16, 13], "texture": "#0"},
				"up": {"uv": [0, 0, 2, 2], "texture": "#0"},
				"down": {"uv": [14, 0, 16, 2], "texture": "#0"}
			}
		},
		{
			"name": "leg",
			"from": [0, 12, 14],
			"to": [2, 28, 16],
			"faces": {
				"north": {"uv": [10, 0, 12, 16], "texture": "#0"},
				"east": {"uv": [0, 0, 2, 16], "texture": "#0"},
				"south": {"uv": [0, 0, 2, 16], "texture": "#0"},
				"west": {"uv": [14, 0, 16, 16], "texture": "#0"},
				"up": {"uv": [0, 0, 2, 2], "texture": "#0"},
				"down": {"uv": [0, 0, 2, 2], "texture": "#0"}
			}
		},
		{
			"name": "leg",
			"from": [0, 12, 0],
			"to": [2, 28, 2],
			"faces": {
				"north": {"uv": [14, 0, 16, 16], "texture": "#0"},
				"east": {"uv": [14, 0, 16, 16], "texture": "#0"},
				"south": {"uv": [6, 0, 8, 16], "texture": "#0"},
				"west": {"uv": [0, 0, 2, 16], "texture": "#0"},
				"up": {"uv": [0, 1, 2, 3], "texture": "#0"},
				"down": {"uv": [0, 0, 2, 2], "texture": "#0"}
			}
		},
		{
			"name": "leg",
			"from": [-0.5, 28, -0.5],
			"to": [2.5, 31, 2.5],
			"faces": {
				"north": {"uv": [12, 5, 15, 8], "texture": "#0"},
				"east": {"uv": [7, 5, 9.5, 8], "texture": "#0"},
				"south": {"uv": [5, 4, 8, 7], "texture": "#0"},
				"west": {"uv": [0, 5, 2.5, 8], "texture": "#0"},
				"up": {"uv": [0, 1, 2, 3], "texture": "#0"},
				"down": {"uv": [0, 0, 2, 2], "texture": "#0"}
			}
		},
		{
			"name": "leg",
			"from": [-0.5, 28, 13.5],
			"to": [2.5, 31, 16.5],
			"faces": {
				"north": {"uv": [5, 5, 8, 8], "texture": "#0"},
				"east": {"uv": [10, 6, 12.5, 9], "texture": "#0"},
				"south": {"uv": [7, 5, 10, 8], "texture": "#0"},
				"west": {"uv": [14, 4, 16.5, 7], "texture": "#0"},
				"up": {"uv": [0, 1, 2, 3], "rotation": 270, "texture": "#0"},
				"down": {"uv": [0, 0, 2, 2], "texture": "#0"}
			}
		},
		{
			"name": "leg",
			"from": [0, 26, 2],
			"to": [2, 30, 14],
			"faces": {
				"north": {"uv": [14, 0, 16, 5], "texture": "#0"},
				"east": {"uv": [2, 5, 14, 9], "texture": "#0"},
				"south": {"uv": [0, 0, 2, 5], "texture": "#0"},
				"west": {"uv": [2, 3, 14, 7], "texture": "#0"},
				"up": {"uv": [5, 2, 7, 14], "texture": "#0"},
				"down": {"uv": [4, 2, 6, 14], "texture": "#0"}
			}
		},
		{
			"name": "leg",
			"from": [0, 12, 2],
			"to": [2, 16, 14],
			"faces": {
				"north": {"uv": [14, 0, 16, 5], "texture": "#0"},
				"east": {"uv": [2, 5, 14, 9], "texture": "#0"},
				"south": {"uv": [0, 0, 2, 5], "texture": "#0"},
				"west": {"uv": [2, 3, 14, 7], "texture": "#0"},
				"up": {"uv": [5, 2, 7, 14], "texture": "#0"},
				"down": {"uv": [4, 2, 6, 14], "texture": "#0"}
			}
		},
		{
			"name": "leg",
			"from": [0, 16, 2],
			"to": [1.5, 26, 14],
			"faces": {
				"north": {"uv": [14, 0, 16, 5], "texture": "#0"},
				"east": {"uv": [2, 5, 14, 15], "texture": "#0"},
				"south": {"uv": [0, 0, 2, 5], "texture": "#0"},
				"west": {"uv": [2, 3, 14, 13], "texture": "#0"},
				"up": {"uv": [5, 2, 7, 14], "texture": "#0"},
				"down": {"uv": [4, 2, 6, 14], "texture": "#0"}
			}
		},
		{
			"name": "leg",
			"from": [14, 0, 14],
			"to": [16, 10, 16],
			"faces": {
				"north": {"uv": [5, 2, 7, 12], "texture": "#0"},
				"east": {"uv": [0, 3, 2, 13], "texture": "#0"},
				"south": {"uv": [14, 2, 16, 12], "texture": "#0"},
				"west": {"uv": [6, 2, 8, 14], "texture": "#0"},
				"up": {"uv": [0, 0, 2, 2], "texture": "#0"},
				"down": {"uv": [14, 14, 16, 16], "texture": "#0"}
			}
		},
		{
			"name": "leg",
			"from": [14, 0, 0],
			"to": [16, 10, 2],
			"faces": {
				"north": {"uv": [0, 2, 2, 14], "texture": "#0"},
				"east": {"uv": [14, 1, 16, 13], "texture": "#0"},
				"south": {"uv": [2, 2, 4, 14], "texture": "#0"},
				"west": {"uv": [6, 2, 8, 14], "texture": "#0"},
				"up": {"uv": [0, 0, 2, 2], "texture": "#0"},
				"down": {"uv": [0, 14, 2, 16], "texture": "#0"}
			}
		},
		{
			"name": "seat",
			"from": [0, 10, 0],
			"to": [16, 12, 16],
			"faces": {
				"north": {"uv": [0, 2, 16, 4], "texture": "#0"},
				"east": {"uv": [0, 2, 16, 4], "texture": "#0"},
				"south": {"uv": [0, 2, 16, 4], "texture": "#0"},
				"west": {"uv": [0, 2, 16, 4], "texture": "#0"},
				"up": {"uv": [0, 0, 16, 16], "texture": "#0"},
				"down": {"uv": [0, 0, 16, 16], "texture": "#0"}
			}
		},
		{
			"name": "seat",
			"from": [2, 12, 0],
			"to": [16, 12.9375, 16],
			"faces": {
				"north": {"uv": [0, 2, 14, 2.9375], "texture": "#1"},
				"east": {"uv": [0, 2, 16, 2.9375], "texture": "#1"},
				"south": {"uv": [0, 2, 14, 2.9375], "texture": "#1"},
				"west": {"uv": [0, 2, 16, 4], "texture": "#1"},
				"up": {"uv": [0, 0, 14, 16], "texture": "#1"},
				"down": {"uv": [0, 0, 16, 16], "texture": "#1"}
			}
		}
	],
	"display": {
		"thirdperson_righthand": {
			"rotation": [75, 45, 0],
			"translation": [0, 2.5, 0],
			"scale": [0.375, 0.375, 0.375]
		},
		"thirdperson_lefthand": {
			"rotation": [75, 45, 0],
			"translation": [0, 2.5, 0],
			"scale": [0.375, 0.375, 0.375]
		},
		"firstperson_righthand": {
			"rotation": [0, 45, 0],
			"scale": [0.4, 0.4, 0.4]
		},
		"firstperson_lefthand": {
			"rotation": [0, 225, 0],
			"scale": [0.4, 0.4, 0.4]
		},
		"ground": {
			"translation": [0, 3, 0],
			"scale": [0.25, 0.25, 0.25]
		},
		"gui": {
			"rotation": [30, 225, 0],
			"translation": [0, -2.75, 0],
			"scale": [0.39047, 0.39047, 0.39047]
		},
		"head": {
			"translation": [0, -33.75, 0],
			"scale": [1.39453, 1.39453, 1.39453]
		},
		"fixed": {
			"rotation": [0, 90, 0],
			"translation": [0, -4.75, -4],
			"scale": [0.58, 0.58, 0.58]
		}
	}
}