{
	"credit": "Made with Blockbench",
	"textures": {
		"0": "block/packed_ice",
		"1": "block/powder_snow",
		"2": "block/blue_ice",
		"3": "block/ice",
		"particle": "block/packed_ice"
	},
	"elements": [
		{
			"name": "leg",
			"from": [0, 1, 0],
			"to": [2, 10, 2],
			"faces": {
				"north": {"uv": [0, 0, 2, 12], "texture": "#2"},
				"east": {"uv": [0, 0, 2, 10], "texture": "#2"},
				"south": {"uv": [0, 0, 2, 10], "texture": "#2"},
				"west": {"uv": [0, 0, 2, 10], "texture": "#2"},
				"up": {"uv": [0, 0, 2, 2], "texture": "#2"},
				"down": {"uv": [0, 0, 2, 2], "texture": "#2"}
			}
		},
		{
			"name": "leg",
			"from": [0, 1, 14],
			"to": [2, 10, 16],
			"faces": {
				"north": {"uv": [0, 0, 2, 12], "texture": "#2"},
				"east": {"uv": [0, 0, 2, 10], "texture": "#2"},
				"south": {"uv": [0, 0, 2, 10], "texture": "#2"},
				"west": {"uv": [0, 0, 2, 10], "texture": "#2"},
				"up": {"uv": [0, 0, 2, 2], "texture": "#2"},
				"down": {"uv": [0, 0, 2, 2], "texture": "#2"}
			}
		},
		{
			"name": "leg",
			"from": [14, 1, 14],
			"to": [16, 10, 16],
			"faces": {
				"north": {"uv": [0, 0, 2, 12], "texture": "#2"},
				"east": {"uv": [0, 0, 2, 10], "texture": "#2"},
				"south": {"uv": [0, 0, 2, 10], "texture": "#2"},
				"west": {"uv": [0, 0, 2, 10], "texture": "#2"},
				"up": {"uv": [0, 0, 2, 2], "texture": "#2"},
				"down": {"uv": [0, 0, 2, 2], "texture": "#2"}
			}
		},
		{
			"name": "leg",
			"from": [13, 0, 13],
			"to": [17, 1, 17],
			"faces": {
				"north": {"uv": [0, 0, 4, 1], "texture": "#2"},
				"east": {"uv": [0, 0, 4, 1], "texture": "#2"},
				"south": {"uv": [0, 0, 4, 1], "texture": "#2"},
				"west": {"uv": [0, 0, 4, 1], "texture": "#2"},
				"up": {"uv": [0, 0, 4, 4], "texture": "#2"},
				"down": {"uv": [0, 0, 4, 4], "texture": "#2"}
			}
		},
		{
			"name": "leg",
			"from": [13, 0, -1],
			"to": [17, 1, 3],
			"faces": {
				"north": {"uv": [0, 0, 4, 1], "texture": "#2"},
				"east": {"uv": [0, 0, 4, 1], "texture": "#2"},
				"south": {"uv": [0, 0, 4, 1], "texture": "#2"},
				"west": {"uv": [0, 0, 4, 1], "texture": "#2"},
				"up": {"uv": [0, 0, 4, 4], "texture": "#2"},
				"down": {"uv": [0, 0, 4, 4], "texture": "#2"}
			}
		},
		{
			"name": "leg",
			"from": [-1, 0, 13],
			"to": [3, 1, 17],
			"faces": {
				"north": {"uv": [0, 0, 4, 1], "texture": "#2"},
				"east": {"uv": [0, 0, 4, 1], "texture": "#2"},
				"south": {"uv": [0, 0, 4, 1], "texture": "#2"},
				"west": {"uv": [0, 0, 4, 1], "texture": "#2"},
				"up": {"uv": [0, 0, 4, 4], "texture": "#2"},
				"down": {"uv": [0, 0, 4, 4], "texture": "#2"}
			}
		},
		{
			"name": "leg",
			"from": [-1, 0, -1],
			"to": [3, 1, 3],
			"faces": {
				"north": {"uv": [0, 0, 4, 1], "texture": "#2"},
				"east": {"uv": [0, 0, 4, 1], "texture": "#2"},
				"south": {"uv": [0, 0, 4, 1], "texture": "#2"},
				"west": {"uv": [0, 0, 4, 1], "texture": "#2"},
				"up": {"uv": [0, 0, 4, 4], "texture": "#2"},
				"down": {"uv": [0, 0, 4, 4], "texture": "#2"}
			}
		},
		{
			"name": "leg",
			"from": [14, 1, 0],
			"to": [16, 10, 2],
			"faces": {
				"north": {"uv": [0, 0, 2, 12], "texture": "#2"},
				"east": {"uv": [0, 0, 2, 10], "texture": "#2"},
				"south": {"uv": [0, 0, 2, 10], "texture": "#2"},
				"west": {"uv": [0, 0, 2, 10], "texture": "#2"},
				"up": {"uv": [0, 0, 2, 2], "texture": "#2"},
				"down": {"uv": [0, 0, 2, 2], "texture": "#2"}
			}
		},
		{
			"name": "back",
			"from": [-1, 12, 0],
			"to": [0, 29, 16],
			"faces": {
				"north": {"uv": [9, 0, 10, 16], "texture": "#2"},
				"east": {"uv": [0, 0, 16, 16], "texture": "#2"},
				"south": {"uv": [3, 0, 4, 16], "texture": "#2"},
				"west": {"uv": [0, 0, 16, 16], "texture": "#2"},
				"up": {"uv": [0, 2, 16, 3], "rotation": 90, "texture": "#2"},
				"down": {"uv": [0, 2, 16, 3], "rotation": 90, "texture": "#2"}
			}
		},
		{
			"name": "back",
			"from": [0, 15, 4],
			"to": [1, 16, 12],
			"faces": {
				"north": {"uv": [9, 0, 10, 1], "texture": "#0"},
				"east": {"uv": [0, 0, 8, 1], "texture": "#0"},
				"south": {"uv": [3, 6, 4, 7], "texture": "#0"},
				"west": {"uv": [0, 4, 8, 5], "texture": "#0"},
				"up": {"uv": [0, 2, 8, 3], "rotation": 90, "texture": "#0"},
				"down": {"uv": [0, 2, 8, 3], "rotation": 90, "texture": "#0"}
			}
		},
		{
			"name": "back",
			"from": [0, 16, 2],
			"to": [1, 29, 14],
			"faces": {
				"north": {"uv": [9, 0, 10, 13], "texture": "#0"},
				"east": {"uv": [0, 0, 12, 13], "texture": "#0"},
				"south": {"uv": [3, 0, 4, 13], "texture": "#0"},
				"west": {"uv": [0, 0, 12, 13], "texture": "#0"},
				"up": {"uv": [0, 2, 12, 3], "rotation": 90, "texture": "#0"},
				"down": {"uv": [0, 2, 12, 3], "rotation": 90, "texture": "#0"}
			}
		},
		{
			"name": "back",
			"from": [0, 29, 10],
			"to": [1, 30, 13],
			"faces": {
				"north": {"uv": [9, 0, 10, 1], "texture": "#0"},
				"east": {"uv": [0, 0, 3, 1], "texture": "#0"},
				"south": {"uv": [3, 0, 4, 1], "texture": "#0"},
				"west": {"uv": [0, 0, 3, 1], "texture": "#0"},
				"up": {"uv": [0, 2, 3, 3], "rotation": 90, "texture": "#0"},
				"down": {"uv": [0, 2, 3, 3], "rotation": 90, "texture": "#0"}
			}
		},
		{
			"name": "back",
			"from": [0, 29, 4],
			"to": [1, 30, 7],
			"faces": {
				"north": {"uv": [9, 0, 10, 1], "texture": "#0"},
				"east": {"uv": [0, 0, 3, 1], "texture": "#0"},
				"south": {"uv": [3, 0, 4, 1], "texture": "#0"},
				"west": {"uv": [0, 0, 3, 1], "texture": "#0"},
				"up": {"uv": [0, 2, 3, 3], "rotation": 90, "texture": "#0"},
				"down": {"uv": [0, 2, 3, 3], "rotation": 90, "texture": "#0"}
			}
		},
		{
			"name": "back",
			"from": [0, 16, 14],
			"to": [1, 29, 16],
			"faces": {
				"north": {"uv": [9, 0, 10, 13], "texture": "#3"},
				"east": {"uv": [0, 0, 2, 13], "texture": "#3"},
				"south": {"uv": [3, 0, 4, 13], "texture": "#3"},
				"west": {"uv": [0, 0, 2, 13], "texture": "#3"},
				"up": {"uv": [0, 2, 2, 3], "rotation": 90, "texture": "#3"},
				"down": {"uv": [0, 2, 2, 3], "rotation": 90, "texture": "#3"}
			}
		},
		{
			"name": "back",
			"from": [0, 18, 16],
			"to": [1, 22, 17],
			"faces": {
				"north": {"uv": [9, 0, 10, 4], "texture": "#3"},
				"east": {"uv": [0, 0, 1, 4], "texture": "#3"},
				"south": {"uv": [3, 0, 4, 4], "texture": "#3"},
				"west": {"uv": [0, 0, 1, 4], "texture": "#3"},
				"up": {"uv": [0, 2, 1, 3], "rotation": 90, "texture": "#3"},
				"down": {"uv": [0, 2, 1, 3], "rotation": 90, "texture": "#3"}
			}
		},
		{
			"name": "back",
			"from": [0, 18, -1],
			"to": [1, 22, 0],
			"faces": {
				"north": {"uv": [9, 0, 10, 4], "texture": "#3"},
				"east": {"uv": [0, 0, 1, 4], "texture": "#3"},
				"south": {"uv": [3, 0, 4, 4], "texture": "#3"},
				"west": {"uv": [0, 0, 1, 4], "texture": "#3"},
				"up": {"uv": [0, 2, 1, 3], "rotation": 90, "texture": "#3"},
				"down": {"uv": [0, 2, 1, 3], "rotation": 90, "texture": "#3"}
			}
		},
		{
			"name": "back",
			"from": [0, 23, -1],
			"to": [1, 27, 0],
			"faces": {
				"north": {"uv": [9, 0, 10, 4], "texture": "#3"},
				"east": {"uv": [0, 0, 1, 4], "texture": "#3"},
				"south": {"uv": [3, 0, 4, 4], "texture": "#3"},
				"west": {"uv": [0, 0, 1, 4], "texture": "#3"},
				"up": {"uv": [0, 2, 1, 3], "rotation": 90, "texture": "#3"},
				"down": {"uv": [0, 2, 1, 3], "rotation": 90, "texture": "#3"}
			}
		},
		{
			"name": "back",
			"from": [0, 29, -1],
			"to": [1, 30, 2],
			"faces": {
				"north": {"uv": [9, 0, 10, 1], "texture": "#3"},
				"east": {"uv": [0, 0, 3, 1], "texture": "#3"},
				"south": {"uv": [3, 0, 4, 1], "texture": "#3"},
				"west": {"uv": [0, 0, 3, 1], "texture": "#3"},
				"up": {"uv": [0, 2, 3, 3], "rotation": 90, "texture": "#3"},
				"down": {"uv": [0, 4, 3, 5], "rotation": 90, "texture": "#3"}
			}
		},
		{
			"name": "back",
			"from": [0, 29, 14],
			"to": [1, 30, 17],
			"faces": {
				"north": {"uv": [9, 0, 10, 1], "texture": "#3"},
				"east": {"uv": [0, 0, 3, 1], "texture": "#3"},
				"south": {"uv": [3, 0, 4, 1], "texture": "#3"},
				"west": {"uv": [0, 0, 3, 1], "texture": "#3"},
				"up": {"uv": [0, 2, 3, 3], "rotation": 90, "texture": "#3"},
				"down": {"uv": [0, 4, 3, 5], "rotation": 90, "texture": "#3"}
			}
		},
		{
			"name": "back",
			"from": [0, 23, 16],
			"to": [1, 27, 17],
			"faces": {
				"north": {"uv": [9, 0, 10, 4], "texture": "#3"},
				"east": {"uv": [0, 0, 1, 4], "texture": "#3"},
				"south": {"uv": [3, 0, 4, 4], "texture": "#3"},
				"west": {"uv": [0, 0, 1, 4], "texture": "#3"},
				"up": {"uv": [0, 2, 1, 3], "rotation": 90, "texture": "#3"},
				"down": {"uv": [0, 2, 1, 3], "rotation": 90, "texture": "#3"}
			}
		},
		{
			"name": "back",
			"from": [0, 16, 0],
			"to": [1, 29, 2],
			"faces": {
				"north": {"uv": [9, 0, 10, 13], "texture": "#3"},
				"east": {"uv": [0, 0, 2, 13], "texture": "#3"},
				"south": {"uv": [3, 0, 4, 13], "texture": "#3"},
				"west": {"uv": [0, 0, 2, 13], "texture": "#3"},
				"up": {"uv": [0, 2, 2, 3], "rotation": 90, "texture": "#3"},
				"down": {"uv": [0, 2, 2, 3], "rotation": 90, "texture": "#3"}
			}
		},
		{
			"name": "back",
			"from": [0, 14, 0],
			"to": [1, 16, 4],
			"faces": {
				"north": {"uv": [9, 0, 10, 2], "texture": "#3"},
				"east": {"uv": [0, 0, 4, 2], "texture": "#3"},
				"south": {"uv": [3, 0, 4, 2], "texture": "#3"},
				"west": {"uv": [0, 0, 4, 2], "texture": "#3"},
				"up": {"uv": [0, 2, 4, 3], "rotation": 90, "texture": "#3"},
				"down": {"uv": [0, 3, 4, 4], "rotation": 90, "texture": "#3"}
			}
		},
		{
			"name": "back",
			"from": [0, 14, 12],
			"to": [1, 16, 16],
			"faces": {
				"north": {"uv": [9, 0, 10, 2], "texture": "#3"},
				"east": {"uv": [0, 0, 4, 2], "texture": "#3"},
				"south": {"uv": [3, 0, 4, 2], "texture": "#3"},
				"west": {"uv": [0, 0, 4, 2], "texture": "#3"},
				"up": {"uv": [0, 2, 4, 3], "rotation": 90, "texture": "#3"},
				"down": {"uv": [0, 3, 4, 4], "rotation": 90, "texture": "#3"}
			}
		},
		{
			"name": "back",
			"from": [0, 13, 4],
			"to": [1, 15, 11],
			"faces": {
				"north": {"uv": [9, 0, 10, 2], "texture": "#3"},
				"east": {"uv": [0, 0, 7, 2], "texture": "#3"},
				"south": {"uv": [3, 0, 4, 2], "texture": "#3"},
				"west": {"uv": [7, 9, 14, 11], "texture": "#3"},
				"up": {"uv": [0, 2, 7, 3], "rotation": 90, "texture": "#3"},
				"down": {"uv": [0, 3, 7, 4], "rotation": 90, "texture": "#3"}
			}
		},
		{
			"name": "seat",
			"from": [0, 10, 0],
			"to": [16, 12, 16],
			"faces": {
				"north": {"uv": [0, 2, 16, 4], "texture": "#2"},
				"east": {"uv": [0, 2, 16, 4], "texture": "#2"},
				"south": {"uv": [0, 2, 16, 4], "texture": "#2"},
				"west": {"uv": [0, 2, 16, 4], "texture": "#2"},
				"up": {"uv": [0, 0, 16, 16], "texture": "#2"},
				"down": {"uv": [0, 0, 14, 16], "texture": "#2"}
			}
		},
		{
			"name": "seat",
			"from": [1, 12, 0],
			"to": [16, 13, 16],
			"faces": {
				"north": {"uv": [0, 2, 15, 3], "texture": "#1"},
				"east": {"uv": [0, 2, 16, 3], "texture": "#1"},
				"south": {"uv": [0, 2, 15, 3], "texture": "#1"},
				"west": {"uv": [0, 2, 16, 3], "texture": "#1"},
				"up": {"uv": [0, 0, 15, 16], "texture": "#1"},
				"down": {"uv": [0, 0, 14, 14], "texture": "#1"}
			}
		}
	],
	"display": {
		"thirdperson_righthand": {
			"rotation": [75, 45, 0],
			"translation": [0, 2.5, 0],
			"scale": [0.375, 0.375, 0.375]
		},
		"thirdperson_lefthand": {
			"rotation": [75, 45, 0],
			"translation": [0, 2.5, 0],
			"scale": [0.375, 0.375, 0.375]
		},
		"firstperson_righthand": {
			"rotation": [0, 45, 0],
			"scale": [0.4, 0.4, 0.4]
		},
		"firstperson_lefthand": {
			"rotation": [0, 225, 0],
			"scale": [0.4, 0.4, 0.4]
		},
		"ground": {
			"translation": [0, 3, 0],
			"scale": [0.25, 0.25, 0.25]
		},
		"gui": {
			"rotation": [30, 225, 0],
			"translation": [0, -2.75, 0],
			"scale": [0.39047, 0.39047, 0.39047]
		},
		"head": {
			"translation": [0, -33.75, 0],
			"scale": [1.39453, 1.39453, 1.39453]
		},
		"fixed": {
			"rotation": [0, 90, 0],
			"translation": [0, -4.75, -4],
			"scale": [0.58, 0.58, 0.58]
		}
	}
}