{
	"credit": "Made with Blockbench",
	"textures": {
		"1": "block/crystalarium",
		"2": "block/cyan_stained_glass",
		"3": "block/red_concrete",
		"4": "block/blue_concrete",
		"5": "block/lime_concrete",
		"6": "block/black_concrete",
		"8": "block/cyan_concrete",
		"particle": "block/crystalarium"
	},
	"elements": [
		{
			"from": [0, 0, 0],
			"to": [16, 5, 1],
			"faces": {
				"north": {"uv": [0, 11, 16, 16], "texture": "#1"},
				"east": {"uv": [15, 12, 16, 16], "texture": "#1"},
				"south": {"uv": [0, 0, 16, 4], "texture": "#1"},
				"west": {"uv": [0, 12, 1, 16], "texture": "#1"},
				"up": {"uv": [0, 0, 16, 1], "texture": "#1"},
				"down": {"uv": [0, 0, 16, 1], "texture": "#1"}
			}
		},
		{
			"from": [11, 2, -0.1],
			"to": [12, 3, -0.1],
			"faces": {
				"north": {"uv": [0, 11, 1, 12], "texture": "#3"},
				"east": {"uv": [15, 12, 16, 16], "texture": "#3"},
				"south": {"uv": [0, 0, 16, 4], "texture": "#3"},
				"west": {"uv": [0, 12, 1, 16], "texture": "#3"},
				"up": {"uv": [0, 0, 16, 1], "texture": "#3"},
				"down": {"uv": [0, 0, 16, 1], "texture": "#3"}
			}
		},
		{
			"from": [13, 3, -0.1],
			"to": [14, 4, -0.1],
			"faces": {
				"north": {"uv": [0, 11, 1, 12], "texture": "#6"},
				"east": {"uv": [15, 12, 16, 16], "texture": "#6"},
				"south": {"uv": [0, 0, 16, 4], "texture": "#6"},
				"west": {"uv": [0, 12, 1, 16], "texture": "#6"},
				"up": {"uv": [0, 0, 16, 1], "texture": "#6"},
				"down": {"uv": [0, 0, 16, 1], "texture": "#6"}
			}
		},
		{
			"from": [2, 3, -0.1],
			"to": [3, 4, -0.1],
			"faces": {
				"north": {"uv": [0, 11, 1, 12], "texture": "#6"},
				"east": {"uv": [15, 12, 16, 16], "texture": "#6"},
				"south": {"uv": [0, 0, 16, 4], "texture": "#6"},
				"west": {"uv": [0, 12, 1, 16], "texture": "#6"},
				"up": {"uv": [0, 0, 16, 1], "texture": "#6"},
				"down": {"uv": [0, 0, 16, 1], "texture": "#6"}
			}
		},
		{
			"from": [4, 2, -0.1],
			"to": [5, 3, -0.1],
			"faces": {
				"north": {"uv": [0, 11, 1, 12], "texture": "#5"},
				"east": {"uv": [15, 12, 16, 16], "texture": "#5"},
				"south": {"uv": [0, 0, 16, 4], "texture": "#5"},
				"west": {"uv": [0, 12, 1, 16], "texture": "#5"},
				"up": {"uv": [0, 0, 16, 1], "texture": "#5"},
				"down": {"uv": [0, 0, 16, 1], "texture": "#5"}
			}
		},
		{
			"from": [7, 2, -0.1],
			"to": [9, 3, -0.1],
			"faces": {
				"north": {"uv": [0, 11, 2, 12], "texture": "#4"},
				"east": {"uv": [15, 12, 16, 16], "texture": "#4"},
				"south": {"uv": [0, 0, 16, 4], "texture": "#4"},
				"west": {"uv": [0, 12, 1, 16], "texture": "#4"},
				"up": {"uv": [0, 0, 16, 1], "texture": "#4"},
				"down": {"uv": [0, 0, 16, 1], "texture": "#4"}
			}
		},
		{
			"from": [3, 5, -1],
			"to": [13, 6, 0],
			"faces": {
				"north": {"uv": [3, 15, 13, 16], "texture": "#1"},
				"east": {"uv": [5, 11, 6, 12], "texture": "#1"},
				"south": {"uv": [2, 0, 12, 1], "texture": "#1"},
				"west": {"uv": [6, 11, 7, 12], "texture": "#1"},
				"up": {"uv": [3, 4, 13, 7], "texture": "#1"},
				"down": {"uv": [3, 4, 13, 5], "texture": "#1"}
			}
		},
		{
			"from": [12, 6, -1],
			"to": [13, 14, 0],
			"faces": {
				"north": {"uv": [0, 4, 1, 12], "texture": "#1"},
				"east": {"uv": [9, 4, 10, 12], "texture": "#1"},
				"south": {"uv": [2, 0, 3, 8], "texture": "#1"},
				"west": {"uv": [7, 3, 10, 11], "texture": "#1"},
				"up": {"uv": [3, 4, 4, 7], "texture": "#1"},
				"down": {"uv": [3, 4, 4, 7], "texture": "#1"}
			}
		},
		{
			"from": [3, 6, -1],
			"to": [4, 14, 0],
			"faces": {
				"north": {"uv": [0, 4, 1, 12], "texture": "#1"},
				"east": {"uv": [9, 4, 12, 12], "texture": "#1"},
				"south": {"uv": [2, 0, 3, 8], "texture": "#1"},
				"west": {"uv": [7, 3, 8, 11], "texture": "#1"},
				"up": {"uv": [3, 4, 4, 7], "texture": "#1"},
				"down": {"uv": [3, 4, 4, 7], "texture": "#1"}
			}
		},
		{
			"from": [3, 14, -1],
			"to": [13, 15, 0],
			"faces": {
				"north": {"uv": [3, 15, 13, 16], "texture": "#1"},
				"east": {"uv": [5, 11, 6, 12], "texture": "#1"},
				"south": {"uv": [2, 0, 12, 1], "texture": "#1"},
				"west": {"uv": [6, 11, 7, 12], "texture": "#1"},
				"up": {"uv": [3, 0, 13, 1], "rotation": 180, "texture": "#1"},
				"down": {"uv": [3, 4, 13, 7], "texture": "#1"}
			}
		},
		{
			"from": [0, 0, 1],
			"to": [1, 16, 15],
			"faces": {
				"north": {"uv": [0, 0, 1, 16], "texture": "#1"},
				"east": {"uv": [0, 0, 14, 16], "texture": "#1"},
				"south": {"uv": [0, 0, 1, 16], "texture": "#1"},
				"west": {"uv": [1, 0, 15, 16], "texture": "#1"},
				"up": {"uv": [15, 1, 16, 15], "rotation": 180, "texture": "#1"},
				"down": {"uv": [0, 0, 14, 1], "rotation": 90, "texture": "#1"}
			}
		},
		{
			"from": [15, 0, 1],
			"to": [16, 16, 15],
			"faces": {
				"north": {"uv": [0, 0, 1, 16], "texture": "#1"},
				"east": {"uv": [1, 0, 15, 16], "texture": "#1"},
				"south": {"uv": [0, 0, 1, 16], "texture": "#1"},
				"west": {"uv": [1, 0, 15, 16], "texture": "#1"},
				"up": {"uv": [0, 1, 1, 15], "rotation": 180, "texture": "#1"},
				"down": {"uv": [0, 0, 14, 1], "rotation": 90, "texture": "#1"}
			}
		},
		{
			"from": [0, 0, 15],
			"to": [16, 16, 16],
			"faces": {
				"north": {"uv": [0, 0, 16, 16], "texture": "#1"},
				"east": {"uv": [0, 0, 1, 16], "texture": "#1"},
				"south": {"uv": [0, 0, 16, 16], "texture": "#1"},
				"west": {"uv": [15, 0, 16, 16], "texture": "#1"},
				"up": {"uv": [0, 0, 16, 1], "rotation": 180, "texture": "#1"},
				"down": {"uv": [0, 0, 16, 1], "rotation": 180, "texture": "#1"}
			}
		},
		{
			"from": [1, 0, 1],
			"to": [15, 1, 15],
			"faces": {
				"north": {"uv": [0, 0, 14, 1], "texture": "#1"},
				"east": {"uv": [0, 0, 1, 14], "rotation": 90, "texture": "#1"},
				"south": {"uv": [0, 0, 14, 1], "rotation": 180, "texture": "#1"},
				"west": {"uv": [0, 0, 1, 14], "rotation": 270, "texture": "#1"},
				"up": {"uv": [0, 0, 14, 14], "texture": "#1"},
				"down": {"uv": [1, 1, 15, 15], "rotation": 180, "texture": "#1"}
			}
		},
		{
			"from": [1, 15, 1],
			"to": [15, 16, 15],
			"faces": {
				"north": {"uv": [0, 0, 14, 1], "texture": "#1"},
				"east": {"uv": [0, 0, 1, 14], "rotation": 90, "texture": "#1"},
				"south": {"uv": [0, 0, 14, 1], "rotation": 180, "texture": "#1"},
				"west": {"uv": [0, 0, 1, 14], "rotation": 270, "texture": "#1"},
				"up": {"uv": [1, 1, 15, 15], "rotation": 180, "texture": "#1"},
				"down": {"uv": [0, 0, 14, 14], "rotation": 180, "texture": "#1"}
			}
		},
		{
			"from": [0, 15, 0],
			"to": [16, 16, 1],
			"faces": {
				"north": {"uv": [0, 0, 16, 1], "texture": "#1"},
				"east": {"uv": [16, 0, 15, 1], "texture": "#1"},
				"south": {"uv": [0, 0, 16, 4], "texture": "#1"},
				"west": {"uv": [0, 0, 1, 1], "texture": "#1"},
				"up": {"uv": [0, 15, 16, 16], "texture": "#1"},
				"down": {"uv": [0, 0, 16, 1], "texture": "#1"}
			}
		},
		{
			"from": [12, 5, 0],
			"to": [16, 15, 1],
			"faces": {
				"north": {"uv": [0, 1, 4, 11], "texture": "#1"},
				"east": {"uv": [15, 1, 16, 11], "texture": "#1"},
				"south": {"uv": [0, 0, 4, 10], "texture": "#1"},
				"west": {"uv": [0, 0, 1, 8], "texture": "#1"},
				"up": {"uv": [0, 0, 4, 1], "texture": "#1"},
				"down": {"uv": [0, 0, 4, 1], "texture": "#1"}
			}
		},
		{
			"from": [4, 6, -1],
			"to": [12, 14, 0],
			"faces": {
				"north": {"uv": [4, 4, 12, 12], "texture": "#2"},
				"east": {"uv": [15, 4, 16, 12], "texture": "#2"},
				"south": {"uv": [4, 4, 12, 12], "texture": "#2"},
				"west": {"uv": [0, 0, 1, 8], "texture": "#2"},
				"up": {"uv": [0, 0, 4, 1], "texture": "#2"},
				"down": {"uv": [0, 0, 4, 1], "texture": "#2"}
			}
		},
		{
			"from": [4, 6, 0],
			"to": [12, 14, 1],
			"faces": {
				"north": {"uv": [4, 4, 12, 12], "texture": "#8"},
				"east": {"uv": [15, 4, 16, 12], "texture": "#8"},
				"south": {"uv": [4, 4, 12, 12], "texture": "#8"},
				"west": {"uv": [0, 0, 1, 8], "texture": "#8"},
				"up": {"uv": [0, 0, 4, 1], "texture": "#8"},
				"down": {"uv": [0, 0, 4, 1], "texture": "#8"}
			}
		},
		{
			"from": [0, 5, 0],
			"to": [4, 15, 1],
			"faces": {
				"north": {"uv": [12, 1, 16, 11], "texture": "#1"},
				"east": {"uv": [0, 0, 1, 8], "texture": "#1"},
				"south": {"uv": [0, 0, 4, 8], "texture": "#1"},
				"west": {"uv": [0, 4, 1, 12], "texture": "#1"},
				"up": {"uv": [0, 0, 4, 1], "texture": "#1"},
				"down": {"uv": [0, 0, 4, 1], "texture": "#1"}
			}
		}
	],
	"display": {
		"thirdperson_righthand": {
			"rotation": [75, 45, 0],
			"translation": [0, 2.5, 0],
			"scale": [0.375, 0.375, 0.375]
		},
		"thirdperson_lefthand": {
			"rotation": [75, 45, 0],
			"translation": [0, 2.5, 0],
			"scale": [0.375, 0.375, 0.375]
		},
		"firstperson_righthand": {
			"rotation": [0, 45, 0],
			"scale": [0.4, 0.4, 0.4]
		},
		"firstperson_lefthand": {
			"rotation": [0, 225, 0],
			"scale": [0.4, 0.4, 0.4]
		},
		"ground": {
			"translation": [0, 3, 0],
			"scale": [0.25, 0.25, 0.25]
		},
		"gui": {
			"rotation": [30, 225, 0],
			"scale": [0.625, 0.625, 0.625]
		},
		"head": {
			"translation": [0, -30.5, 0],
			"scale": [1.61, 1.62, 1.61]
		},
		"fixed": {
			"scale": [0.5, 0.5, 0.5]
		}
	}
}