{
	"credit": "Made with Blockbench",
	"textures": {
		"0": "block/red_concrete",
		"1": "block/polished_deepslate",
		"particle": "block/red_concrete"
	},
	"elements": [
		{
			"name": "leg",
			"from": [0, 0, 0],
			"to": [3, 12, 3],
			"faces": {
				"north": {"uv": [13, 1, 16, 13], "texture": "#1"},
				"east": {"uv": [7, 3, 10, 15], "texture": "#1"},
				"south": {"uv": [0, 0, 3, 12], "texture": "#1"},
				"west": {"uv": [9, 1, 12, 13], "texture": "#1"},
				"up": {"uv": [0, 0, 2, 2], "texture": "#1"},
				"down": {"uv": [8, 4, 10, 6], "texture": "#1"}
			}
		},
		{
			"name": "leg",
			"from": [0, 0, 13],
			"to": [3, 12, 16],
			"faces": {
				"north": {"uv": [11, 1, 14, 13], "texture": "#1"},
				"east": {"uv": [0, 0, 3, 12], "texture": "#1"},
				"south": {"uv": [0, 0, 3, 12], "texture": "#1"},
				"west": {"uv": [5, 4, 8, 16], "texture": "#1"},
				"up": {"uv": [0, 0, 2, 2], "texture": "#1"},
				"down": {"uv": [1, 11, 3, 13], "texture": "#1"}
			}
		},
		{
			"name": "leg",
			"from": [0, 14, 0],
			"to": [2, 24.625, 4],
			"faces": {
				"north": {"uv": [4, 1, 6, 11.625], "texture": "#1"},
				"east": {"uv": [12, 4, 16, 14.625], "texture": "#1"},
				"south": {"uv": [10, 3, 12, 13.625], "texture": "#1"},
				"west": {"uv": [6, 3, 10, 13.625], "texture": "#1"},
				"up": {"uv": [0, 0, 2, 2], "texture": "#1"},
				"down": {"uv": [0, 0, 2, 2], "texture": "#1"}
			}
		},
		{
			"name": "leg",
			"from": [0, 14, 12],
			"to": [2, 24.625, 16],
			"faces": {
				"north": {"uv": [4, 1, 6, 11.625], "texture": "#1"},
				"east": {"uv": [9, 2, 13, 12.625], "texture": "#1"},
				"south": {"uv": [9, 3, 11, 13.625], "texture": "#1"},
				"west": {"uv": [6, 4, 10, 14.625], "texture": "#1"},
				"up": {"uv": [0, 0, 2, 2], "texture": "#1"},
				"down": {"uv": [0, 0, 2, 2], "texture": "#1"}
			}
		},
		{
			"name": "leg",
			"from": [13, 0, 13],
			"to": [16, 12, 16],
			"faces": {
				"north": {"uv": [0, 0, 3, 12], "texture": "#1"},
				"east": {"uv": [8, 2, 11, 14], "texture": "#1"},
				"south": {"uv": [12, 2, 15, 14], "texture": "#1"},
				"west": {"uv": [6, 3, 9, 15], "texture": "#1"},
				"up": {"uv": [0, 0, 2, 2], "texture": "#1"},
				"down": {"uv": [6, 7, 8, 9], "texture": "#1"}
			}
		},
		{
			"name": "leg",
			"from": [14.25, -4.125, 16],
			"to": [15.75, 1.1875, 18],
			"rotation": {"angle": -45, "axis": "x", "origin": [0, 0, 0]},
			"faces": {
				"north": {"uv": [3, 2, 4.5, 7.3125], "texture": "#1"},
				"east": {"uv": [7, 5, 9, 10.3125], "texture": "#1"},
				"south": {"uv": [0, 0, 2, 12], "texture": "#1"},
				"west": {"uv": [3, 2, 5, 7.3125], "texture": "#1"},
				"up": {"uv": [0, 0, 2, 2], "texture": "#1"},
				"down": {"uv": [0, 0, 2, 2], "texture": "#1"}
			}
		},
		{
			"name": "leg",
			"from": [0.25, -4.125, 16],
			"to": [1.75, 1.1875, 18],
			"rotation": {"angle": -45, "axis": "x", "origin": [0, 0, 0]},
			"faces": {
				"north": {"uv": [6, 3, 7.5, 8.3125], "texture": "#1"},
				"east": {"uv": [0, 0, 2, 12], "texture": "#1"},
				"south": {"uv": [0, 0, 2, 12], "texture": "#1"},
				"west": {"uv": [0, 0, 2, 5.3125], "texture": "#1"},
				"up": {"uv": [0, 0, 2, 2], "texture": "#1"},
				"down": {"uv": [0, 0, 2, 2], "texture": "#1"}
			}
		},
		{
			"name": "leg",
			"from": [14.25, 4.75, 6.875],
			"to": [15.75, 6.75, 12.1875],
			"rotation": {"angle": -45, "axis": "x", "origin": [0, 0, 0]},
			"faces": {
				"north": {"uv": [0, 0, 2, 2], "rotation": 180, "texture": "#1"},
				"east": {"uv": [5, 6, 7, 11.3125], "rotation": 270, "texture": "#1"},
				"south": {"uv": [0, 0, 2, 2], "texture": "#1"},
				"west": {"uv": [4, 3, 6, 8.3125], "rotation": 90, "texture": "#1"},
				"up": {"uv": [0, 0, 2, 12], "rotation": 180, "texture": "#1"},
				"down": {"uv": [6, 3, 7.5, 8.3125], "texture": "#1"}
			}
		},
		{
			"name": "leg",
			"from": [0.25, 4.75, 6.875],
			"to": [1.75, 6.75, 12.1875],
			"rotation": {"angle": -45, "axis": "x", "origin": [0, 0, 0]},
			"faces": {
				"north": {"uv": [0, 0, 2, 2], "rotation": 180, "texture": "#1"},
				"east": {"uv": [0, 0, 2, 12], "rotation": 270, "texture": "#1"},
				"south": {"uv": [0, 0, 2, 2], "texture": "#1"},
				"west": {"uv": [6, 4, 8, 9.3125], "rotation": 90, "texture": "#1"},
				"up": {"uv": [0, 0, 2, 12], "rotation": 180, "texture": "#1"},
				"down": {"uv": [13, 5, 14.5, 10.3125], "texture": "#1"}
			}
		},
		{
			"name": "leg",
			"from": [13, 0, 0],
			"to": [16, 12, 3],
			"faces": {
				"north": {"uv": [6, 1, 9, 13], "texture": "#1"},
				"east": {"uv": [3, 2, 6, 14], "texture": "#1"},
				"south": {"uv": [0, 0, 3, 12], "texture": "#1"},
				"west": {"uv": [0, 0, 3, 12], "texture": "#1"},
				"up": {"uv": [0, 0, 2, 2], "texture": "#1"},
				"down": {"uv": [10, 2, 12, 4], "texture": "#1"}
			}
		},
		{
			"name": "back",
			"from": [0, 30.625, 4],
			"to": [2, 31.625, 12],
			"faces": {
				"north": {"uv": [0, 2, 2, 4], "texture": "#1"},
				"east": {"uv": [1, 6, 9, 7], "texture": "#1"},
				"south": {"uv": [12, 5, 14, 6], "texture": "#1"},
				"west": {"uv": [0, 2, 8, 3], "texture": "#1"},
				"up": {"uv": [0, 2, 16, 4], "rotation": 90, "texture": "#1"},
				"down": {"uv": [0, 2, 16, 4], "rotation": 90, "texture": "#1"}
			}
		},
		{
			"name": "back",
			"from": [0, 24.625, 0],
			"to": [2, 30.625, 16],
			"faces": {
				"north": {"uv": [4, 3, 6, 9], "texture": "#1"},
				"east": {"uv": [0, 6, 16, 12], "texture": "#1"},
				"south": {"uv": [5, 4, 7, 10], "texture": "#1"},
				"west": {"uv": [0, 8, 16, 14], "texture": "#1"},
				"up": {"uv": [0, 2, 16, 4], "rotation": 90, "texture": "#1"},
				"down": {"uv": [0, 2, 16, 4], "rotation": 90, "texture": "#1"}
			}
		},
		{
			"name": "back",
			"from": [0, 14.125, 4],
			"to": [2, 20.125, 12],
			"faces": {
				"north": {"uv": [4, 3, 6, 9], "texture": "#1"},
				"east": {"uv": [0, 6, 8, 12], "texture": "#1"},
				"south": {"uv": [5, 4, 7, 10], "texture": "#1"},
				"west": {"uv": [5, 7, 13, 13], "texture": "#1"},
				"up": {"uv": [0, 2, 8, 4], "rotation": 90, "texture": "#1"},
				"down": {"uv": [0, 2, 16, 4], "rotation": 90, "texture": "#1"}
			}
		},
		{
			"name": "seat",
			"from": [0, 12, 0],
			"to": [16, 14, 16],
			"faces": {
				"north": {"uv": [0, 2, 16, 4], "texture": "#1"},
				"east": {"uv": [0, 6, 16, 8], "texture": "#1"},
				"south": {"uv": [0, 2, 16, 4], "texture": "#1"},
				"west": {"uv": [0, 9, 16, 11], "texture": "#1"},
				"up": {"uv": [0, 0, 16, 16], "texture": "#1"},
				"down": {"uv": [0, 0, 16, 16], "texture": "#1"}
			}
		},
		{
			"name": "seat",
			"from": [2, 14, 13],
			"to": [16, 18, 16],
			"faces": {
				"north": {"uv": [0, 2, 14, 6], "texture": "#1"},
				"east": {"uv": [0, 6, 3, 10], "texture": "#1"},
				"south": {"uv": [2, 9, 16, 13], "texture": "#1"},
				"west": {"uv": [0, 4, 16, 6], "texture": "#1"},
				"up": {"uv": [0, 0, 14, 3], "texture": "#1"},
				"down": {"uv": [0, 0, 16, 16], "texture": "#1"}
			}
		},
		{
			"name": "seat",
			"from": [2, 14, 0],
			"to": [16, 18, 3],
			"faces": {
				"north": {"uv": [0, 3, 14, 7], "texture": "#1"},
				"east": {"uv": [10, 5, 13, 9], "texture": "#1"},
				"south": {"uv": [2, 8, 16, 12], "texture": "#1"},
				"west": {"uv": [0, 4, 16, 6], "texture": "#1"},
				"up": {"uv": [1, 10, 15, 13], "texture": "#1"},
				"down": {"uv": [0, 0, 16, 16], "texture": "#1"}
			}
		},
		{
			"name": "seat",
			"from": [2, 14, 3],
			"to": [15.5, 15, 13],
			"faces": {
				"north": {"uv": [0, 2, 14.5, 3], "texture": "#0"},
				"east": {"uv": [0, 2, 10, 3], "texture": "#0"},
				"south": {"uv": [0, 2, 14.5, 3], "texture": "#0"},
				"west": {"uv": [0, 2, 10, 3], "texture": "#0"},
				"up": {"uv": [0, 0, 13.5, 10], "texture": "#0"},
				"down": {"uv": [0, 0, 14, 16], "texture": "#0"}
			}
		},
		{
			"name": "seat",
			"from": [1, 25.25, 4.5],
			"to": [2.5, 30, 11],
			"faces": {
				"north": {"uv": [0, 2, 1.5, 6.75], "texture": "#0"},
				"east": {"uv": [9.5, 8, 16, 12.75], "texture": "#0"},
				"south": {"uv": [0, 2, 1.5, 6.75], "texture": "#0"},
				"west": {"uv": [0, 2, 15, 3], "texture": "#0"},
				"up": {"uv": [0, 0, 1.5, 6.5], "texture": "#0"},
				"down": {"uv": [0, 0, 1.5, 6.5], "texture": "#0"}
			}
		},
		{
			"name": "seat",
			"from": [1, 26, 11],
			"to": [2.5, 29.25, 11.75],
			"faces": {
				"north": {"uv": [0, 2, 1.5, 6.75], "texture": "#0"},
				"east": {"uv": [13, 7, 14.5, 9.75], "texture": "#0"},
				"south": {"uv": [0, 2, 1.5, 4.75], "texture": "#0"},
				"west": {"uv": [0, 2, 15, 3], "texture": "#0"},
				"up": {"uv": [0, 0, 1.5, 1.5], "texture": "#0"},
				"down": {"uv": [0, 0, 1.5, 1.5], "texture": "#0"}
			}
		},
		{
			"name": "seat",
			"from": [1, 26, 3.75],
			"to": [2.5, 29.25, 4.5],
			"faces": {
				"north": {"uv": [0, 2, 1.5, 6.75], "texture": "#0"},
				"east": {"uv": [5, 2, 6.5, 4.75], "texture": "#0"},
				"south": {"uv": [0, 2, 1.5, 4.75], "texture": "#0"},
				"west": {"uv": [0, 2, 15, 3], "texture": "#0"},
				"up": {"uv": [0, 0, 1.5, 1.5], "texture": "#0"},
				"down": {"uv": [0, 0, 1.5, 1.5], "texture": "#0"}
			}
		}
	],
	"display": {
		"thirdperson_righthand": {
			"rotation": [75, 45, 0],
			"translation": [0, 2.5, 0],
			"scale": [0.375, 0.375, 0.375]
		},
		"thirdperson_lefthand": {
			"rotation": [75, 45, 0],
			"translation": [0, 2.5, 0],
			"scale": [0.375, 0.375, 0.375]
		},
		"firstperson_righthand": {
			"rotation": [0, 45, 0],
			"scale": [0.4, 0.4, 0.4]
		},
		"firstperson_lefthand": {
			"rotation": [0, 225, 0],
			"scale": [0.4, 0.4, 0.4]
		},
		"ground": {
			"translation": [0, 3, 0],
			"scale": [0.25, 0.25, 0.25]
		},
		"gui": {
			"rotation": [30, 225, 0],
			"translation": [0, -2.75, 0],
			"scale": [0.39047, 0.39047, 0.39047]
		},
		"head": {
			"translation": [0, -33.75, 0],
			"scale": [1.39453, 1.39453, 1.39453]
		},
		"fixed": {
			"rotation": [0, 90, 0],
			"translation": [0, -4.75, -4],
			"scale": [0.58, 0.58, 0.58]
		}
	}
}