{
 "parent": "item/handheld",
 "textures": {
  "layer0": "item/diamond_boots"
 },

 "overrides": [
  { "predicate": {"custom_model_data": 370001}, "model": "item/aquamarine_boots"},
  { "predicate": {"custom_model_data": 370002}, "model": "item/ruby_boots"},
  { "predicate": {"custom_model_data": 370003}, "model": "item/topaz_boots"},
  { "predicate": {"custom_model_data": 370004}, "model": "item/jade_boots"},
  { "predicate": {"custom_model_data": 370005}, "model": "item/emerald_boots"},
  { "predicate": {"custom_model_data": 370006}, "model": "item/radioactive_boots"}

 ]

 
}