{
	"credit": "Made with Blockbench",
	"textures": {
		"0": "block/lime_wool",
		"1": "block/iron_block",
		"particle": "block/lime_wool"
	},
	"elements": [
		{
			"from": [7, 1, 7],
			"to": [9, 2, 9],
			"faces": {
				"north": {"uv": [1, 0, 3, 1], "texture": "#1"},
				"east": {"uv": [0, 0, 2, 1], "texture": "#1"},
				"south": {"uv": [1, 0, 3, 1], "texture": "#1"},
				"west": {"uv": [1, 0, 3, 1], "texture": "#1"},
				"up": {"uv": [0, 0, 2, 2], "texture": "#1"},
				"down": {"uv": [0, 0, 2, 2], "texture": "#1"}
			}
		},
		{
			"from": [5, 0, 5],
			"to": [11, 1, 11],
			"faces": {
				"north": {"uv": [10, 15, 16, 16], "texture": "#1"},
				"east": {"uv": [0, 0, 6, 1], "texture": "#1"},
				"south": {"uv": [0, 0, 6, 1], "texture": "#1"},
				"west": {"uv": [0, 0, 6, 1], "texture": "#1"},
				"up": {"uv": [2, 2, 8, 8], "texture": "#1"},
				"down": {"uv": [2, 2, 8, 8], "texture": "#1"}
			}
		},
		{
			"from": [1.5, 10, 1.75],
			"to": [14.5, 12, 15.35],
			"faces": {
				"north": {"uv": [0, 0, 13, 2], "texture": "#0"},
				"east": {"uv": [0, 0, 13.6, 2], "texture": "#0"},
				"south": {"uv": [0, 0, 13, 2], "texture": "#0"},
				"west": {"uv": [0, 0, 13.6, 2], "texture": "#0"},
				"up": {"uv": [1.5, 1.75, 14.5, 15.35], "texture": "#0"},
				"down": {"uv": [1.5, 1.75, 14.5, 15.35], "texture": "#0"}
			}
		},
		{
			"from": [7.5, 2, 7.5],
			"to": [8.5, 9.1875, 8.5],
			"faces": {
				"north": {"uv": [1, 1, 2, 4.1875], "texture": "#1"},
				"east": {"uv": [1, 1, 2, 4.1875], "texture": "#1"},
				"south": {"uv": [1, 1, 2, 4.1875], "texture": "#1"},
				"west": {"uv": [2, 1, 3, 4.1875], "texture": "#1"},
				"up": {"uv": [0, 0, 1, 1], "texture": "#1"},
				"down": {"uv": [0, 0, 1, 1], "texture": "#1"}
			}
		},
		{
			"from": [7, 9.1875, 6.9],
			"to": [9, 10, 9],
			"faces": {
				"north": {"uv": [1, 1, 3, 1.8125], "texture": "#1"},
				"east": {"uv": [1, 1, 3, 1.8125], "texture": "#1"},
				"south": {"uv": [1, 1, 3, 1.8125], "texture": "#1"},
				"west": {"uv": [2, 1, 4, 1.8125], "texture": "#1"},
				"up": {"uv": [0, 0, 1, 1], "texture": "#1"},
				"down": {"uv": [0, 0, 2, 2.1], "texture": "#1"}
			}
		}
	],
	"display": {
		"thirdperson_righthand": {
			"rotation": [75, 45, 0],
			"translation": [0, 2.5, 0],
			"scale": [0.375, 0.375, 0.375]
		},
		"thirdperson_lefthand": {
			"rotation": [75, 45, 0],
			"translation": [0, 2.5, 0],
			"scale": [0.375, 0.375, 0.375]
		},
		"firstperson_righthand": {
			"rotation": [0, 45, 0],
			"scale": [0.4, 0.4, 0.4]
		},
		"firstperson_lefthand": {
			"rotation": [0, 225, 0],
			"scale": [0.4, 0.4, 0.4]
		},
		"ground": {
			"translation": [0, 3, 0],
			"scale": [0.25, 0.25, 0.25]
		},
		"gui": {
			"rotation": [30, 225, 0],
			"translation": [0, -2.75, 0],
			"scale": [0.39047, 0.39047, 0.39047]
		},
		"head": {
			"rotation": [0, -90, 0],
			"translation": [0, -31.75, 0],
			"scale": [1.39453, 1.39453, 1.39453]
		},
		"fixed": {
			"rotation": [0, 90, 0],
			"translation": [0, -4.75, -4],
			"scale": [0.58, 0.58, 0.58]
		}
	}
}