{
	"credit": "Made with Blockbench",
	"textures": {
		"0": "block/cheese_press",
		"2": "block/egg",
		"particle": "block/cheese_press"
	},
	"elements": [
		{
			"from": [-0.025, 0, -0.025],
			"to": [16, 18.025, 16],
			"faces": {
				"north": {"uv": [0, 0, 16, 16], "texture": "#0"},
				"east": {"uv": [0, 0, 16, 16], "texture": "#0"},
				"south": {"uv": [0, 0, 16, 16], "texture": "#0"},
				"west": {"uv": [0, 0, 16, 16], "texture": "#0"},
				"up": {"uv": [0, 0, 16, 16], "texture": "#0"},
				"down": {"uv": [0, 0, 16, 16], "texture": "#0"}
			}
		},
		{
			"from": [-0.0875, 3, 4.0375],
			"to": [-0.0625, 15.025, 12.0375],
			"faces": {
				"north": {"uv": [0, 0, 6, 9], "texture": "#2"},
				"east": {"uv": [0, 0, 16, 16], "texture": "#2"},
				"south": {"uv": [0, 0, 6, 9], "texture": "#2"},
				"west": {"uv": [0, 0, 6, 9], "texture": "#2"},
				"up": {"uv": [0, 0, 16, 16], "texture": "#2"},
				"down": {"uv": [0, 0, 16, 16], "texture": "#2"}
			}
		},
		{
			"from": [16.0375, 3, 4.0375],
			"to": [16.0625, 15.025, 12.0375],
			"faces": {
				"north": {"uv": [0, 0, 6, 9], "texture": "#2"},
				"east": {"uv": [0, 0, 6, 9], "texture": "#2"},
				"south": {"uv": [0, 0, 6, 9], "texture": "#2"},
				"west": {"uv": [0, 0, 6, 9], "texture": "#2"},
				"up": {"uv": [0, 0, 16, 16], "texture": "#2"},
				"down": {"uv": [0, 0, 16, 16], "texture": "#2"}
			}
		},
		{
			"from": [3.975, 3, -0.0875],
			"to": [12, 15.025, -0.0875],
			"faces": {
				"north": {"uv": [0, 0, 6, 9], "texture": "#2"},
				"east": {"uv": [0, 0, 16, 16], "texture": "#missing"},
				"south": {"uv": [0, 0, 16, 16], "texture": "#missing"},
				"west": {"uv": [0, 0, 16, 16], "texture": "#missing"},
				"up": {"uv": [0, 0, 16, 16], "texture": "#missing"},
				"down": {"uv": [0, 0, 16, 16], "texture": "#missing"}
			}
		},
		{
			"from": [3.975, 3, 16.0375],
			"to": [12, 15.025, 16.0375],
			"faces": {
				"north": {"uv": [0, 0, 6, 9], "texture": "#2"},
				"east": {"uv": [0, 0, 16, 16], "texture": "#2"},
				"south": {"uv": [0, 0, 6, 9], "texture": "#2"},
				"west": {"uv": [0, 0, 16, 16], "texture": "#2"},
				"up": {"uv": [0, 0, 16, 16], "texture": "#2"},
				"down": {"uv": [0, 0, 16, 16], "texture": "#2"}
			}
		},
		{
			"from": [-1.025, 17, -1.025],
			"to": [17, 21.025, 17],
			"faces": {
				"north": {"uv": [0, 0, 16, 4.025], "texture": "#0"},
				"east": {"uv": [0, 0, 16, 4.025], "texture": "#0"},
				"south": {"uv": [0, 0, 16, 4.025], "texture": "#0"},
				"west": {"uv": [0, 0, 16, 4.025], "texture": "#0"},
				"up": {"uv": [0, 0, 16, 16], "texture": "#0"},
				"down": {"uv": [0, 0, 16, 16], "texture": "#0"}
			}
		},
		{
			"from": [6, 21, 10],
			"to": [10, 26, 12],
			"faces": {
				"north": {"uv": [0, 0, 4.025, 5.025], "texture": "#0"},
				"east": {"uv": [0, 0, 2.025, 5.025], "texture": "#0"},
				"south": {"uv": [0, 0, 4.025, 5.025], "texture": "#0"},
				"west": {"uv": [0, 0, 2.025, 5.025], "texture": "#0"},
				"up": {"uv": [6, 8, 10.025, 10.025], "texture": "#0"},
				"down": {"uv": [0, 0, 4.025, 2.025], "texture": "#0"}
			}
		},
		{
			"from": [6, 25, 6],
			"to": [10, 25, 11],
			"faces": {
				"north": {"uv": [0, 0, 4.025, 5.025], "texture": "#0"},
				"east": {"uv": [0, 0, 2.025, 5.025], "texture": "#0"},
				"south": {"uv": [0, 0, 4.025, 5.025], "texture": "#0"},
				"west": {"uv": [0, 0, 2.025, 5.025], "texture": "#0"},
				"up": {"uv": [6, 8, 10.025, 10.025], "texture": "#0"},
				"down": {"uv": [0, 0, 4.025, 2.025], "texture": "#0"}
			}
		},
		{
			"from": [10, 21, 4],
			"to": [12, 26, 12],
			"faces": {
				"north": {"uv": [0, 0, 2, 5.025], "texture": "#0"},
				"east": {"uv": [0, 0, 8.025, 5.025], "texture": "#0"},
				"south": {"uv": [14, 2, 16, 7.025], "texture": "#0"},
				"west": {"uv": [0, 0, 8.025, 5.025], "texture": "#0"},
				"up": {"uv": [0, 0, 2, 8.025], "texture": "#0"},
				"down": {"uv": [0, 0, 2, 8.025], "texture": "#0"}
			}
		},
		{
			"from": [4, 21, 4],
			"to": [6, 26, 12],
			"faces": {
				"north": {"uv": [0, 0, 2, 5.025], "texture": "#0"},
				"east": {"uv": [0, 0, 8.025, 5.025], "texture": "#0"},
				"south": {"uv": [8, 6, 10, 11.025], "texture": "#0"},
				"west": {"uv": [0, 0, 8.025, 5.025], "texture": "#0"},
				"up": {"uv": [0, 0, 2, 8.025], "texture": "#0"},
				"down": {"uv": [0, 0, 2, 8.025], "texture": "#0"}
			}
		},
		{
			"from": [6, 21, 4],
			"to": [10, 26, 6],
			"faces": {
				"north": {"uv": [0, 0, 4.025, 5.025], "texture": "#0"},
				"east": {"uv": [0, 0, 2.025, 5.025], "texture": "#0"},
				"south": {"uv": [0, 0, 4.025, 5.025], "texture": "#0"},
				"west": {"uv": [0, 0, 2.025, 5.025], "texture": "#0"},
				"up": {"uv": [12, 6, 16.025, 8.025], "texture": "#0"},
				"down": {"uv": [0, 0, 4.025, 2.025], "texture": "#0"}
			}
		}
	],
	"display": {
		"head": {
			"translation": [-12.5, -37.5, -12.5],
			"scale": [1.75, 1.75, 1.75]
		}
	}
}