{
	"credit": "Made with Blockbench",
	"textures": {
		"0": "block/red_wool",
		"1": "block/nether_bricks",
		"2": "block/dark_prismarine",
		"particle": "block/red_wool"
	},
	"elements": [
		{
			"from": [-1.5, 0, -1.5],
			"to": [17.5, 19, 17.5],
			"faces": {
				"north": {"uv": [0, 0, 16, 16], "texture": "#0"},
				"east": {"uv": [0, 0, 16, 16], "texture": "#0"},
				"south": {"uv": [0, 0, 16, 16], "texture": "#0"},
				"west": {"uv": [0, 0, 16, 16], "texture": "#0"},
				"up": {"uv": [0, 0, 16, 16], "texture": "#0"},
				"down": {"uv": [0, 0, 16, 16], "texture": "#0"}
			}
		},
		{
			"from": [7, 19, 7.5625],
			"to": [8, 22, 8.5625],
			"faces": {
				"north": {"uv": [0, 0, 1, 3], "texture": "#1"},
				"east": {"uv": [0, 0, 1, 3], "texture": "#1"},
				"south": {"uv": [0, 0, 1, 3], "texture": "#1"},
				"west": {"uv": [0, 0, 1, 3], "texture": "#1"},
				"up": {"uv": [0, 0, 1, 1], "texture": "#1"},
				"down": {"uv": [0, 0, 1, 1], "texture": "#1"}
			}
		},
		{
			"from": [8, 22, 8.5625],
			"to": [9, 23, 9.5625],
			"faces": {
				"north": {"uv": [0, 0, 1, 1], "texture": "#1"},
				"east": {"uv": [0, 0, 1, 1], "texture": "#1"},
				"south": {"uv": [0, 0, 1, 1], "texture": "#1"},
				"west": {"uv": [0, 0, 1, 1], "texture": "#1"},
				"up": {"uv": [0, 0, 1, 1], "texture": "#1"},
				"down": {"uv": [0, 0, 1, 1], "texture": "#1"}
			}
		},
		{
			"from": [8, 21, 7.5625],
			"to": [9, 23, 8.5625],
			"faces": {
				"north": {"uv": [0, 0, 1, 2], "texture": "#1"},
				"east": {"uv": [0, 0, 1, 2], "texture": "#1"},
				"south": {"uv": [10, 8, 11, 10], "texture": "#1"},
				"west": {"uv": [0, 0, 1, 2], "texture": "#1"},
				"up": {"uv": [0, 0, 1, 1], "texture": "#1"},
				"down": {"uv": [0, 0, 1, 1], "texture": "#1"}
			}
		},
		{
			"from": [-2, 10, -2],
			"to": [18, 11, 18],
			"faces": {
				"north": {"uv": [0, 0, 16, 1], "texture": "#0"},
				"east": {"uv": [0, 0, 16, 1], "texture": "#0"},
				"south": {"uv": [0, 0, 16, 1], "texture": "#0"},
				"west": {"uv": [0, 0, 16, 1], "texture": "#0"},
				"up": {"uv": [0, 0, 16, 16], "texture": "#0"},
				"down": {"uv": [0, 0, 16, 16], "texture": "#0"}
			}
		},
		{
			"from": [0, 8, 17],
			"to": [1, 13, 17.625],
			"faces": {
				"north": {"uv": [0, 0, 1, 5], "texture": "#2"},
				"east": {"uv": [0, 0, 0.625, 5], "texture": "#2"},
				"south": {"uv": [0, 0, 1, 5], "texture": "#2"},
				"west": {"uv": [0, 0, 0.625, 5], "texture": "#2"},
				"up": {"uv": [0, 0, 1, 0.625], "texture": "#2"},
				"down": {"uv": [0, 0, 1, 0.625], "texture": "#2"}
			}
		},
		{
			"from": [10, 8, 17],
			"to": [11, 13, 17.625],
			"faces": {
				"north": {"uv": [0, 0, 1, 5], "texture": "#2"},
				"east": {"uv": [0, 0, 0.625, 5], "texture": "#2"},
				"south": {"uv": [0, 0, 1, 5], "texture": "#2"},
				"west": {"uv": [0, 0, 0.625, 5], "texture": "#2"},
				"up": {"uv": [0, 0, 1, 0.625], "texture": "#2"},
				"down": {"uv": [0, 0, 1, 0.625], "texture": "#2"}
			}
		},
		{
			"from": [5, 8, 17],
			"to": [6, 13, 17.625],
			"faces": {
				"north": {"uv": [0, 0, 1, 5], "texture": "#2"},
				"east": {"uv": [0, 0, 0.625, 5], "texture": "#2"},
				"south": {"uv": [0, 0, 1, 5], "texture": "#2"},
				"west": {"uv": [0, 0, 0.625, 5], "texture": "#2"},
				"up": {"uv": [0, 0, 1, 0.625], "texture": "#2"},
				"down": {"uv": [0, 0, 1, 0.625], "texture": "#2"}
			}
		},
		{
			"from": [15, 8, -1.5625],
			"to": [16, 13, -0.9375],
			"faces": {
				"north": {"uv": [0, 0, 1, 5], "texture": "#2"},
				"east": {"uv": [0, 0, 0.625, 5], "texture": "#2"},
				"south": {"uv": [0, 0, 1, 5], "texture": "#2"},
				"west": {"uv": [0, 0, 0.625, 5], "texture": "#2"},
				"up": {"uv": [0, 0, 1, 0.625], "texture": "#2"},
				"down": {"uv": [0, 0, 1, 0.625], "texture": "#2"}
			}
		},
		{
			"from": [1, 8, -1.5625],
			"to": [2, 13, -0.9375],
			"faces": {
				"north": {"uv": [0, 0, 1, 5], "texture": "#2"},
				"east": {"uv": [0, 0, 0.625, 5], "texture": "#2"},
				"south": {"uv": [0, 0, 1, 5], "texture": "#2"},
				"west": {"uv": [0, 0, 0.625, 5], "texture": "#2"},
				"up": {"uv": [0, 0, 1, 0.625], "texture": "#2"},
				"down": {"uv": [0, 0, 1, 0.625], "texture": "#2"}
			}
		},
		{
			"from": [5, 8, -1.5625],
			"to": [6, 13, -0.9375],
			"faces": {
				"north": {"uv": [0, 0, 1, 5], "texture": "#2"},
				"east": {"uv": [0, 0, 0.625, 5], "texture": "#2"},
				"south": {"uv": [0, 0, 1, 5], "texture": "#2"},
				"west": {"uv": [0, 0, 0.625, 5], "texture": "#2"},
				"up": {"uv": [0, 0, 1, 0.625], "texture": "#2"},
				"down": {"uv": [0, 0, 1, 0.625], "texture": "#2"}
			}
		},
		{
			"from": [10, 8, -1.5625],
			"to": [11, 13, -0.9375],
			"faces": {
				"north": {"uv": [0, 0, 1, 5], "texture": "#2"},
				"east": {"uv": [0, 0, 0.625, 5], "texture": "#2"},
				"south": {"uv": [0, 0, 1, 5], "texture": "#2"},
				"west": {"uv": [0, 0, 0.625, 5], "texture": "#2"},
				"up": {"uv": [0, 0, 1, 0.625], "texture": "#2"},
				"down": {"uv": [0, 0, 1, 0.625], "texture": "#2"}
			}
		},
		{
			"from": [15, 8, 17],
			"to": [16, 13, 17.625],
			"faces": {
				"north": {"uv": [0, 0, 1, 5], "texture": "#2"},
				"east": {"uv": [0, 0, 0.625, 5], "texture": "#2"},
				"south": {"uv": [0, 0, 1, 5], "texture": "#2"},
				"west": {"uv": [0, 0, 0.625, 5], "texture": "#2"},
				"up": {"uv": [0, 0, 1, 0.625], "texture": "#2"},
				"down": {"uv": [0, 0, 1, 0.625], "texture": "#2"}
			}
		},
		{
			"from": [-1.625, 8, 15],
			"to": [-0.625, 13, 15.625],
			"faces": {
				"north": {"uv": [0, 0, 1, 5], "texture": "#2"},
				"east": {"uv": [0, 0, 0.625, 5], "texture": "#2"},
				"south": {"uv": [0, 0, 1, 5], "texture": "#2"},
				"west": {"uv": [0, 0, 0.625, 5], "texture": "#2"},
				"up": {"uv": [0, 0, 1, 0.625], "texture": "#2"},
				"down": {"uv": [0, 0, 1, 0.625], "texture": "#2"}
			}
		},
		{
			"from": [-1.625, 8, 1],
			"to": [-0.625, 13, 1.625],
			"faces": {
				"north": {"uv": [0, 0, 1, 5], "texture": "#2"},
				"east": {"uv": [0, 0, 0.625, 5], "texture": "#2"},
				"south": {"uv": [0, 0, 1, 5], "texture": "#2"},
				"west": {"uv": [0, 0, 0.625, 5], "texture": "#2"},
				"up": {"uv": [0, 0, 1, 0.625], "texture": "#2"},
				"down": {"uv": [0, 0, 1, 0.625], "texture": "#2"}
			}
		},
		{
			"from": [-1.625, 8, 6],
			"to": [-0.625, 13, 6.625],
			"faces": {
				"north": {"uv": [0, 0, 1, 5], "texture": "#2"},
				"east": {"uv": [0, 0, 0.625, 5], "texture": "#2"},
				"south": {"uv": [0, 0, 1, 5], "texture": "#2"},
				"west": {"uv": [0, 0, 0.625, 5], "texture": "#2"},
				"up": {"uv": [0, 0, 1, 0.625], "texture": "#2"},
				"down": {"uv": [0, 0, 1, 0.625], "texture": "#2"}
			}
		},
		{
			"from": [-1.625, 8, 10],
			"to": [-0.625, 13, 10.625],
			"faces": {
				"north": {"uv": [0, 0, 1, 5], "texture": "#2"},
				"east": {"uv": [0, 0, 0.625, 5], "texture": "#2"},
				"south": {"uv": [0, 0, 1, 5], "texture": "#2"},
				"west": {"uv": [0, 0, 0.625, 5], "texture": "#2"},
				"up": {"uv": [0, 0, 1, 0.625], "texture": "#2"},
				"down": {"uv": [0, 0, 1, 0.625], "texture": "#2"}
			}
		},
		{
			"from": [16.625, 8, 15],
			"to": [17.625, 13, 15.625],
			"faces": {
				"north": {"uv": [0, 0, 1, 5], "texture": "#2"},
				"east": {"uv": [0, 0, 0.625, 5], "texture": "#2"},
				"south": {"uv": [0, 0, 1, 5], "texture": "#2"},
				"west": {"uv": [0, 0, 0.625, 5], "texture": "#2"},
				"up": {"uv": [0, 0, 1, 0.625], "texture": "#2"},
				"down": {"uv": [0, 0, 1, 0.625], "texture": "#2"}
			}
		},
		{
			"from": [16.625, 8, 1],
			"to": [17.625, 13, 1.625],
			"faces": {
				"north": {"uv": [0, 0, 1, 5], "texture": "#2"},
				"east": {"uv": [0, 0, 0.625, 5], "texture": "#2"},
				"south": {"uv": [0, 0, 1, 5], "texture": "#2"},
				"west": {"uv": [0, 0, 0.625, 5], "texture": "#2"},
				"up": {"uv": [0, 0, 1, 0.625], "texture": "#2"},
				"down": {"uv": [0, 0, 1, 0.625], "texture": "#2"}
			}
		},
		{
			"from": [16.625, 8, 10],
			"to": [17.625, 13, 10.625],
			"faces": {
				"north": {"uv": [0, 0, 1, 5], "texture": "#2"},
				"east": {"uv": [0, 0, 0.625, 5], "texture": "#2"},
				"south": {"uv": [0, 0, 1, 5], "texture": "#2"},
				"west": {"uv": [0, 0, 0.625, 5], "texture": "#2"},
				"up": {"uv": [0, 0, 1, 0.625], "texture": "#2"},
				"down": {"uv": [0, 0, 1, 0.625], "texture": "#2"}
			}
		},
		{
			"from": [16.625, 8, 5],
			"to": [17.625, 13, 5.625],
			"faces": {
				"north": {"uv": [0, 0, 1, 5], "texture": "#2"},
				"east": {"uv": [0, 0, 0.625, 5], "texture": "#2"},
				"south": {"uv": [0, 0, 1, 5], "texture": "#2"},
				"west": {"uv": [0, 0, 0.625, 5], "texture": "#2"},
				"up": {"uv": [0, 0, 1, 0.625], "texture": "#2"},
				"down": {"uv": [0, 0, 1, 0.625], "texture": "#2"}
			}
		},
		{
			"from": [16.625, 8, 15],
			"to": [17.625, 13, 15.625],
			"faces": {
				"north": {"uv": [0, 0, 1, 5], "texture": "#2"},
				"east": {"uv": [0, 0, 0.625, 5], "texture": "#2"},
				"south": {"uv": [0, 0, 1, 5], "texture": "#2"},
				"west": {"uv": [0, 0, 0.625, 5], "texture": "#2"},
				"up": {"uv": [0, 0, 1, 0.625], "texture": "#2"},
				"down": {"uv": [0, 0, 1, 0.625], "texture": "#2"}
			}
		}
	],
	"display": {
		"head": {
			"translation": [0, -35, 0]
		}
	}
}